term,resource,domain,definition,data_type,format,required,terminology_binding,classification,ferpa,glba,source_file
absence_type,AbsenceRecord,Human Resources,"Map: 'Vacation' → 'vacation', 'Sick' → 'sick', 'Personal' → 'personal', 'FMLA' → 'fmla', 'Sabbatical' → 'sabbatical', 'Bereavement' → 'bereavement', 'Jury Duty' → 'jury_duty', 'Military' → 'military', 'Parental' → 'parental', 'Workers Comp'",string,,False,helix/absence-type,confidential,False,False,core/resources/absence_record.json
balance_sick,AbsenceRecord,Human Resources,Current available sick hours.,number,,False,,confidential,False,False,core/resources/absence_record.json
balance_vacation,AbsenceRecord,Human Resources,Current available vacation hours.,number,,False,,confidential,False,False,core/resources/absence_record.json
employee_ref,AbsenceRecord,Human Resources,Link to HELIX employee_id.,string,,True,,confidential,False,False,core/resources/absence_record.json
end_date,AbsenceRecord,Human Resources,Cast to ISO 8601.,string,date,False,,confidential,False,False,core/resources/absence_record.json
fmla_hours_used,AbsenceRecord,Human Resources,Running total of FMLA hours used in the 12-month measurement period.,number,,False,,confidential,False,False,core/resources/absence_record.json
fmla_qualifying,AbsenceRecord,Human Resources,Boolean. Whether this leave counts against FMLA entitlement (12 weeks/year for eligible employees).,boolean,,False,,confidential,False,False,core/resources/absence_record.json
helix_id,AbsenceRecord,Human Resources,HELIX-assigned unique identifier for this AbsenceRecord record.,string,,True,,confidential,False,False,core/resources/absence_record.json
hours_requested,AbsenceRecord,Human Resources,For day-level absences. Direct map.,number,,False,,confidential,False,False,core/resources/absence_record.json
meta,AbsenceRecord,Human Resources,HELIX metadata block — present on every resource.,object,,False,,confidential,False,False,core/resources/absence_record.json
meta.classification,AbsenceRecord,Human Resources,,string,,False,,confidential,False,False,core/resources/absence_record.json
meta.created_at,AbsenceRecord,Human Resources,,string,date-time,False,,confidential,False,False,core/resources/absence_record.json
meta.data_owner,AbsenceRecord,Human Resources,,string,,False,,confidential,False,False,core/resources/absence_record.json
meta.source_system,AbsenceRecord,Human Resources,"Originating system (e.g., 'peoplesoft', 'workday', 'banner').",string,,False,,confidential,False,False,core/resources/absence_record.json
meta.updated_at,AbsenceRecord,Human Resources,,string,date-time,False,,confidential,False,False,core/resources/absence_record.json
meta.version,AbsenceRecord,Human Resources,,integer,,False,,confidential,False,False,core/resources/absence_record.json
start_date,AbsenceRecord,Human Resources,Cast to ISO 8601.,string,date,False,,confidential,False,False,core/resources/absence_record.json
status,AbsenceRecord,Human Resources,"Map: 'Requested' → 'requested', 'Approved' → 'approved', 'Denied' → 'denied', 'In Progress' → 'active', 'Returned' → 'completed', 'Canceled' → 'canceled'.",string,,False,,confidential,False,False,core/resources/absence_record.json
code,AcademicOrg,Academic Structure,"Internal org code (e.g., 'ENGR', 'A&S', 'CS')",string,,False,,internal,False,False,core/resources/academic_org.json
dean_or_chair,AcademicOrg,Academic Structure,Name or reference to the org leader,string,,False,,internal,False,False,core/resources/academic_org.json
effective_date,AcademicOrg,Academic Structure,,string,date,False,,internal,False,False,core/resources/academic_org.json
end_date,AcademicOrg,Academic Structure,,string,date,False,,internal,False,False,core/resources/academic_org.json
helix_id,AcademicOrg,Academic Structure,,string,uuid,True,,internal,False,False,core/resources/academic_org.json
institution_id,AcademicOrg,Academic Structure,,string,,True,,internal,False,False,core/resources/academic_org.json
is_active,AcademicOrg,Academic Structure,,boolean,,False,,internal,False,False,core/resources/academic_org.json
meta,AcademicOrg,Academic Structure,HELIX metadata block — present on every resource,object,,False,,internal,False,False,core/resources/academic_org.json
meta.classification,AcademicOrg,Academic Structure,,string,,False,,internal,False,False,core/resources/academic_org.json
meta.created_at,AcademicOrg,Academic Structure,,string,date-time,False,,internal,False,False,core/resources/academic_org.json
meta.data_owner,AcademicOrg,Academic Structure,,string,,False,,internal,False,False,core/resources/academic_org.json
meta.source_system,AcademicOrg,Academic Structure,,string,,False,,internal,False,False,core/resources/academic_org.json
meta.updated_at,AcademicOrg,Academic Structure,,string,date-time,False,,internal,False,False,core/resources/academic_org.json
meta.version,AcademicOrg,Academic Structure,Resource version number,integer,,False,,internal,False,False,core/resources/academic_org.json
name,AcademicOrg,Academic Structure,"Official name (e.g., 'College of Engineering', 'Department of Computer Science')",string,,True,,internal,False,False,core/resources/academic_org.json
org_type,AcademicOrg,Academic Structure,,string,,True,,internal,False,False,core/resources/academic_org.json
parent_org_ref,AcademicOrg,Academic Structure,HELIX ID of the parent AcademicOrg. Null for top-level orgs.,string,,False,,internal,False,False,core/resources/academic_org.json
short_name,AcademicOrg,Academic Structure,,string,,False,,internal,False,False,core/resources/academic_org.json
academic_year,AcademicPeriod,Academic Structure,"Academic year in YYYY-YYYY format (e.g., '2026-2027')",string,,False,,public,False,False,core/resources/academic_period.json
census_date,AcademicPeriod,Academic Structure,,string,date,False,,public,False,False,core/resources/academic_period.json
code,AcademicPeriod,Academic Structure,"Institution's native term code (e.g., '202610', 'Fall 2026')",string,,True,,public,False,False,core/resources/academic_period.json
end_date,AcademicPeriod,Academic Structure,,string,date,True,,public,False,False,core/resources/academic_period.json
helix_id,AcademicPeriod,Academic Structure,,string,uuid,True,,public,False,False,core/resources/academic_period.json
institution_id,AcademicPeriod,Academic Structure,,string,,True,,public,False,False,core/resources/academic_period.json
is_active,AcademicPeriod,Academic Structure,,boolean,,False,,public,False,False,core/resources/academic_period.json
meta,AcademicPeriod,Academic Structure,HELIX metadata block — present on every resource,object,,False,,public,False,False,core/resources/academic_period.json
meta.classification,AcademicPeriod,Academic Structure,Data classification tier per HELIX Govern,string,,False,,public,False,False,core/resources/academic_period.json
meta.created_at,AcademicPeriod,Academic Structure,,string,date-time,False,,public,False,False,core/resources/academic_period.json
meta.data_owner,AcademicPeriod,Academic Structure,Role or person responsible for data quality,string,,False,,public,False,False,core/resources/academic_period.json
meta.source_system,AcademicPeriod,Academic Structure,"Originating system (e.g., 'banner', 'peoplesoft', 'workday')",string,,False,,public,False,False,core/resources/academic_period.json
meta.updated_at,AcademicPeriod,Academic Structure,,string,date-time,False,,public,False,False,core/resources/academic_period.json
meta.version,AcademicPeriod,Academic Structure,Resource version number,integer,,False,,public,False,False,core/resources/academic_period.json
name,AcademicPeriod,Academic Structure,,string,,False,,public,False,False,core/resources/academic_period.json
period_type,AcademicPeriod,Academic Structure,,string,,True,helix/period-type,public,False,False,core/resources/academic_period.json
start_date,AcademicPeriod,Academic Structure,,string,date,True,,public,False,False,core/resources/academic_period.json
academic_level,AcademicTermRecord,Enrollment & Registration,Academic level as of this period.,string,,False,,confidential,True,False,core/resources/academic_term_record.json
academic_load,AcademicTermRecord,Enrollment & Registration,Official academic load classification (drives financial aid eligibility).,string,,False,,confidential,True,False,core/resources/academic_term_record.json
academic_standing,AcademicTermRecord,Enrollment & Registration,Academic standing for this period.,string,,False,,confidential,True,False,core/resources/academic_term_record.json
cumulative_gpa,AcademicTermRecord,Enrollment & Registration,Running cumulative GPA through this period.,number,,False,,confidential,True,False,core/resources/academic_term_record.json
cumulative_units_attempted,AcademicTermRecord,Enrollment & Registration,Total attempted units through this period.,number,,False,,confidential,True,False,core/resources/academic_term_record.json
cumulative_units_earned,AcademicTermRecord,Enrollment & Registration,Total earned units through this period (all terms).,number,,False,,confidential,True,False,core/resources/academic_term_record.json
dean_list,AcademicTermRecord,Enrollment & Registration,Whether the student made the Dean's List this period.,boolean,,False,,confidential,True,False,core/resources/academic_term_record.json
enrollment_status,AcademicTermRecord,Enrollment & Registration,Enrollment load for this period.,string,,False,,confidential,True,False,core/resources/academic_term_record.json
helix_id,AcademicTermRecord,Enrollment & Registration,HELIX-assigned unique identifier for this term record.,string,,True,,confidential,True,False,core/resources/academic_term_record.json
meta,AcademicTermRecord,Enrollment & Registration,,object,,False,,confidential,True,False,core/resources/academic_term_record.json
meta.classification,AcademicTermRecord,Enrollment & Registration,,string,,False,,confidential,True,False,core/resources/academic_term_record.json
meta.ferpa_flags,AcademicTermRecord,Enrollment & Registration,"FERPA enforcement flags, applied at Bronze->Silver identity resolution and checked by every consumer before disclosure. See govern/ferpa-disclosure-framework.json.",object,,False,,confidential,True,False,core/resources/academic_term_record.json
meta.ferpa_flags.directory_restricted,AcademicTermRecord,Enrollment & Registration,"True when the student has an active directory-information opt-out (from FERPARestriction.restrict_directory). When true, NO directory information may be disclosed under the 99.31(a)(11) directory exception.",boolean,,False,,confidential,True,False,core/resources/academic_term_record.json
meta.ferpa_flags.disclosure_basis_required,AcademicTermRecord,Enrollment & Registration,"If true, a consumer must assert a valid 34 CFR 99.31 disclosure basis (or hold 99.30 consent) before data is returned.",boolean,,False,,confidential,True,False,core/resources/academic_term_record.json
meta.ferpa_flags.is_education_record,AcademicTermRecord,Enrollment & Registration,True if this record is a FERPA education record (34 CFR 99.3).,boolean,,False,,confidential,True,False,core/resources/academic_term_record.json
meta.ferpa_flags.legitimate_interest_scope,AcademicTermRecord,Enrollment & Registration,Roles/purposes pre-authorized as school officials with legitimate educational interest for this record (drives the 99.31(a)(1) check).,array,,False,,confidential,True,False,core/resources/academic_term_record.json
meta.ferpa_flags.restricted_categories,AcademicTermRecord,Enrollment & Registration,Specific directory-information categories the student restricted (99.37). A field in this list must be withheld even if directory_restricted is false.,array,,False,,confidential,True,False,core/resources/academic_term_record.json
meta.ferpa_flags.study_disclosure_allowed,AcademicTermRecord,Enrollment & Registration,Whether this record may be released under a 99.31(a)(6) studies agreement (typically de-identified or under a written agreement).,boolean,,False,,confidential,True,False,core/resources/academic_term_record.json
meta.source_id,AcademicTermRecord,Enrollment & Registration,,string,,False,,confidential,True,False,core/resources/academic_term_record.json
meta.source_system,AcademicTermRecord,Enrollment & Registration,,string,,False,,confidential,True,False,core/resources/academic_term_record.json
meta.version,AcademicTermRecord,Enrollment & Registration,,string,,False,,confidential,True,False,core/resources/academic_term_record.json
period_ref,AcademicTermRecord,Enrollment & Registration,Reference to the HELIX AcademicPeriod resource.,string,,True,,confidential,True,False,core/resources/academic_term_record.json
quality_points,AcademicTermRecord,Enrollment & Registration,Total quality points this period (grade points × credit hours per course).,number,,False,,confidential,True,False,core/resources/academic_term_record.json
student_ref,AcademicTermRecord,Enrollment & Registration,Reference to the HELIX Student resource.,string,,True,,confidential,True,False,core/resources/academic_term_record.json
term_gpa,AcademicTermRecord,Enrollment & Registration,GPA for this period only.,number,,False,,confidential,True,False,core/resources/academic_term_record.json
units_attempted,AcademicTermRecord,Enrollment & Registration,Credit hours attempted this period.,number,,False,,confidential,True,False,core/resources/academic_term_record.json
units_earned,AcademicTermRecord,Enrollment & Registration,Credit hours earned (passed) this period.,number,,False,,confidential,True,False,core/resources/academic_term_record.json
units_passed,AcademicTermRecord,Enrollment & Registration,Credit hours with passing grade (may differ from earned if institution distinguishes).,number,,False,,confidential,True,False,core/resources/academic_term_record.json
admit_period_ref,AdmissionApplication,Enrollment & Registration,HELIX ID of the AcademicPeriod the applicant is applying for,string,,True,,confidential,True,False,core/resources/admission_application.json
application_number,AdmissionApplication,Enrollment & Registration,Institution-assigned application number,string,,False,,confidential,True,False,core/resources/admission_application.json
application_source,AdmissionApplication,Enrollment & Registration,"Application platform (e.g., 'Common App', 'Coalition', 'institutional', 'SOPHAS', 'AMCAS')",string,,False,,confidential,True,False,core/resources/admission_application.json
application_status,AdmissionApplication,Enrollment & Registration,Bound to helix/admission-status terminology,string,,True,helix/admission-status,confidential,True,False,core/resources/admission_application.json
application_type,AdmissionApplication,Enrollment & Registration,,string,,True,,confidential,True,False,core/resources/admission_application.json
decision_date,AdmissionApplication,Enrollment & Registration,,string,date,False,,confidential,True,False,core/resources/admission_application.json
enrollment_deposit_date,AdmissionApplication,Enrollment & Registration,,string,date,False,,confidential,True,False,core/resources/admission_application.json
enrollment_deposit_paid,AdmissionApplication,Enrollment & Registration,,boolean,,False,,confidential,True,False,core/resources/admission_application.json
enrollment_intent,AdmissionApplication,Enrollment & Registration,Whether the admitted student intends to enroll,string,,False,,confidential,True,False,core/resources/admission_application.json
first_generation_flag,AdmissionApplication,Enrollment & Registration,,boolean,,False,,confidential,True,False,core/resources/admission_application.json
helix_id,AdmissionApplication,Enrollment & Registration,,string,uuid,True,,confidential,True,False,core/resources/admission_application.json
high_school_gpa,AdmissionApplication,Enrollment & Registration,,number,,False,,confidential,True,False,core/resources/admission_application.json
institution_id,AdmissionApplication,Enrollment & Registration,,string,,True,,confidential,True,False,core/resources/admission_application.json
meta,AdmissionApplication,Enrollment & Registration,HELIX metadata block — present on every resource,object,,False,,confidential,True,False,core/resources/admission_application.json
meta.classification,AdmissionApplication,Enrollment & Registration,,string,,False,,confidential,True,False,core/resources/admission_application.json
meta.created_at,AdmissionApplication,Enrollment & Registration,,string,date-time,False,,confidential,True,False,core/resources/admission_application.json
meta.data_owner,AdmissionApplication,Enrollment & Registration,,string,,False,,confidential,True,False,core/resources/admission_application.json
meta.ferpa_flags,AdmissionApplication,Enrollment & Registration,"FERPA enforcement flags, applied at Bronze->Silver identity resolution and checked by every consumer before disclosure. See govern/ferpa-disclosure-framework.json.",object,,False,,confidential,True,False,core/resources/admission_application.json
meta.ferpa_flags.directory_restricted,AdmissionApplication,Enrollment & Registration,"True when the student has an active directory-information opt-out (from FERPARestriction.restrict_directory). When true, NO directory information may be disclosed under the 99.31(a)(11) directory exception.",boolean,,False,,confidential,True,False,core/resources/admission_application.json
meta.ferpa_flags.disclosure_basis_required,AdmissionApplication,Enrollment & Registration,"If true, a consumer must assert a valid 34 CFR 99.31 disclosure basis (or hold 99.30 consent) before data is returned.",boolean,,False,,confidential,True,False,core/resources/admission_application.json
meta.ferpa_flags.is_education_record,AdmissionApplication,Enrollment & Registration,True if this record is a FERPA education record (34 CFR 99.3).,boolean,,False,,confidential,True,False,core/resources/admission_application.json
meta.ferpa_flags.legitimate_interest_scope,AdmissionApplication,Enrollment & Registration,Roles/purposes pre-authorized as school officials with legitimate educational interest for this record (drives the 99.31(a)(1) check).,array,,False,,confidential,True,False,core/resources/admission_application.json
meta.ferpa_flags.restricted_categories,AdmissionApplication,Enrollment & Registration,Specific directory-information categories the student restricted (99.37). A field in this list must be withheld even if directory_restricted is false.,array,,False,,confidential,True,False,core/resources/admission_application.json
meta.ferpa_flags.study_disclosure_allowed,AdmissionApplication,Enrollment & Registration,Whether this record may be released under a 99.31(a)(6) studies agreement (typically de-identified or under a written agreement).,boolean,,False,,confidential,True,False,core/resources/admission_application.json
meta.source_system,AdmissionApplication,Enrollment & Registration,,string,,False,,confidential,True,False,core/resources/admission_application.json
meta.updated_at,AdmissionApplication,Enrollment & Registration,,string,date-time,False,,confidential,True,False,core/resources/admission_application.json
meta.version,AdmissionApplication,Enrollment & Registration,Resource version number,integer,,False,,confidential,True,False,core/resources/admission_application.json
program_ref,AdmissionApplication,Enrollment & Registration,HELIX ID of the intended Program,string,,False,,confidential,True,False,core/resources/admission_application.json
residency_at_application,AdmissionApplication,Enrollment & Registration,,string,,False,,confidential,True,False,core/resources/admission_application.json
student_ref,AdmissionApplication,Enrollment & Registration,HELIX ID of the Student/Person (applicant),string,,True,,confidential,True,False,core/resources/admission_application.json
submitted_date,AdmissionApplication,Enrollment & Registration,,string,date,False,,confidential,True,False,core/resources/admission_application.json
test_scores,AdmissionApplication,Enrollment & Registration,,array,,False,,confidential,True,False,core/resources/admission_application.json
test_scores[].score,AdmissionApplication,Enrollment & Registration,,number,,False,,confidential,True,False,core/resources/admission_application.json
test_scores[].sub_scores,AdmissionApplication,Enrollment & Registration,"Component scores (e.g., SAT Math, SAT EBRW)",object,,False,,confidential,True,False,core/resources/admission_application.json
test_scores[].test_date,AdmissionApplication,Enrollment & Registration,,string,date,False,,confidential,True,False,core/resources/admission_application.json
test_scores[].test_type,AdmissionApplication,Enrollment & Registration,,string,,False,,confidential,True,False,core/resources/admission_application.json
transfer_gpa,AdmissionApplication,Enrollment & Registration,,number,,False,,confidential,True,False,core/resources/admission_application.json
academic_year,AidApplication,Financial Aid,Aid year in YYYY-YYYY format,string,,True,,restricted,True,True,core/resources/aid_application.json
aid_application_status,AidApplication,Financial Aid,Bound to helix/aid-application-status.,string,,True,helix/aid-application-status,restricted,True,True,core/resources/aid_application.json
application_type,AidApplication,Financial Aid,Bound to application source,string,,True,,restricted,True,True,core/resources/aid_application.json
c_flags,AidApplication,Financial Aid,C-flag / reject codes on the ISIR.,array,,False,,restricted,True,True,core/resources/aid_application.json
citizenship_status,AidApplication,Financial Aid,"Eligibility citizenship category (citizen, eligible_noncitizen, ineligible).",string,,False,,restricted,True,True,core/resources/aid_application.json
comment_codes,AidApplication,Financial Aid,ISIR comment codes.,array,,False,,restricted,True,True,core/resources/aid_application.json
dependency_override_flag,AidApplication,Financial Aid,True if a dependency override was applied by the FAA.,boolean,,False,,restricted,True,True,core/resources/aid_application.json
dependency_status,AidApplication,Financial Aid,Bound to helix/dependency-status.,string,,False,helix/dependency-status,restricted,True,True,core/resources/aid_application.json
efc_legacy,AidApplication,Financial Aid,Expected Family Contribution for pre-2024-25 records (legacy).,integer,,False,,restricted,True,True,core/resources/aid_application.json
expected_enrollment_status,AidApplication,Financial Aid,Expected enrollment intensity for the aid year.,string,,False,,restricted,True,True,core/resources/aid_application.json
fafsa_signature_flag,AidApplication,Financial Aid,,boolean,,False,,restricted,True,True,core/resources/aid_application.json
foster_care_flag,AidApplication,Financial Aid,,boolean,,False,,restricted,True,True,core/resources/aid_application.json
helix_id,AidApplication,Financial Aid,HELIX unique identifier,string,uuid,True,,restricted,True,True,core/resources/aid_application.json
homeless_youth_flag,AidApplication,Financial Aid,,boolean,,False,,restricted,True,True,core/resources/aid_application.json
isir_received_date,AidApplication,Financial Aid,,string,date,False,,restricted,True,True,core/resources/aid_application.json
isir_transaction_number,AidApplication,Financial Aid,ISIR transaction number for this record.,string,,False,,restricted,True,True,core/resources/aid_application.json
meta,AidApplication,Financial Aid,HELIX metadata block — present on every resource,object,,False,,restricted,True,True,core/resources/aid_application.json
meta.classification,AidApplication,Financial Aid,Data classification tier per HELIX Govern,string,,False,,restricted,True,True,core/resources/aid_application.json
meta.created_at,AidApplication,Financial Aid,,string,date-time,False,,restricted,True,True,core/resources/aid_application.json
meta.data_owner,AidApplication,Financial Aid,Role or person responsible for data quality,string,,False,,restricted,True,True,core/resources/aid_application.json
meta.ferpa_flags,AidApplication,Financial Aid,"FERPA enforcement flags, applied at Bronze->Silver identity resolution and checked by every consumer before disclosure. See govern/ferpa-disclosure-framework.json.",object,,False,,restricted,True,True,core/resources/aid_application.json
meta.ferpa_flags.directory_restricted,AidApplication,Financial Aid,"True when the student has an active directory-information opt-out (from FERPARestriction.restrict_directory). When true, NO directory information may be disclosed under the 99.31(a)(11) directory exception.",boolean,,False,,restricted,True,True,core/resources/aid_application.json
meta.ferpa_flags.disclosure_basis_required,AidApplication,Financial Aid,"If true, a consumer must assert a valid 34 CFR 99.31 disclosure basis (or hold 99.30 consent) before data is returned.",boolean,,False,,restricted,True,True,core/resources/aid_application.json
meta.ferpa_flags.is_education_record,AidApplication,Financial Aid,True if this record is a FERPA education record (34 CFR 99.3).,boolean,,False,,restricted,True,True,core/resources/aid_application.json
meta.ferpa_flags.legitimate_interest_scope,AidApplication,Financial Aid,Roles/purposes pre-authorized as school officials with legitimate educational interest for this record (drives the 99.31(a)(1) check).,array,,False,,restricted,True,True,core/resources/aid_application.json
meta.ferpa_flags.restricted_categories,AidApplication,Financial Aid,Specific directory-information categories the student restricted (99.37). A field in this list must be withheld even if directory_restricted is false.,array,,False,,restricted,True,True,core/resources/aid_application.json
meta.ferpa_flags.study_disclosure_allowed,AidApplication,Financial Aid,Whether this record may be released under a 99.31(a)(6) studies agreement (typically de-identified or under a written agreement).,boolean,,False,,restricted,True,True,core/resources/aid_application.json
meta.source_system,AidApplication,Financial Aid,"Originating system (e.g., 'banner', 'peoplesoft', 'workday')",string,,False,,restricted,True,True,core/resources/aid_application.json
meta.updated_at,AidApplication,Financial Aid,,string,date-time,False,,restricted,True,True,core/resources/aid_application.json
meta.version,AidApplication,Financial Aid,Resource version number,integer,,False,,restricted,True,True,core/resources/aid_application.json
nslds_match_flags,AidApplication,Financial Aid,"NSLDS post-screening match flags (e.g., default, overpayment, aggregate limits).",array,,False,,restricted,True,True,core/resources/aid_application.json
pell_eligible_flag,AidApplication,Financial Aid,,boolean,,False,,restricted,True,True,core/resources/aid_application.json
pell_lifetime_eligibility_used,AidApplication,Financial Aid,Percentage of Pell Lifetime Eligibility Used (LEU).,number,,False,,restricted,True,True,core/resources/aid_application.json
professional_judgment_flag,AidApplication,Financial Aid,,boolean,,False,,restricted,True,True,core/resources/aid_application.json
sai,AidApplication,Financial Aid,Student Aid Index (replaces EFC under FAFSA Simplification). May be negative to -1500.,integer,,False,,restricted,True,True,core/resources/aid_application.json
sar_received_flag,AidApplication,Financial Aid,Student Aid Report received.,boolean,,False,,restricted,True,True,core/resources/aid_application.json
student_ref,AidApplication,Financial Aid,HELIX ID of the Student,string,,True,,restricted,True,True,core/resources/aid_application.json
submission_date,AidApplication,Financial Aid,,string,date,False,,restricted,True,True,core/resources/aid_application.json
verification_selected_flag,AidApplication,Financial Aid,True if the ISIR was selected for verification.,boolean,,False,,restricted,True,True,core/resources/aid_application.json
verification_tracking_group,AidApplication,Financial Aid,ED verification tracking group,string,,False,,restricted,True,True,core/resources/aid_application.json
academic_period_ref,AidPackage,Financial Aid,HELIX ID of the AcademicPeriod (if term-specific packaging),string,,False,,restricted,True,True,core/resources/aid_package.json
academic_year,AidPackage,Financial Aid,Aid year in YYYY-YYYY format,string,,True,,restricted,True,True,core/resources/aid_package.json
aid_application_ref,AidPackage,Financial Aid,HELIX ID of the AidApplication,string,,False,,restricted,True,True,core/resources/aid_package.json
coa_books_supplies,AidPackage,Financial Aid,,number,,False,,restricted,True,True,core/resources/aid_package.json
coa_loan_fees,AidPackage,Financial Aid,,number,,False,,restricted,True,True,core/resources/aid_package.json
coa_other,AidPackage,Financial Aid,,number,,False,,restricted,True,True,core/resources/aid_package.json
coa_personal,AidPackage,Financial Aid,,number,,False,,restricted,True,True,core/resources/aid_package.json
coa_room_board,AidPackage,Financial Aid,,number,,False,,restricted,True,True,core/resources/aid_package.json
coa_transportation,AidPackage,Financial Aid,,number,,False,,restricted,True,True,core/resources/aid_package.json
coa_tuition_fees,AidPackage,Financial Aid,,number,,False,,restricted,True,True,core/resources/aid_package.json
cost_of_attendance_adjusted_flag,AidPackage,Financial Aid,,boolean,,False,,restricted,True,True,core/resources/aid_package.json
cost_of_attendance_total,AidPackage,Financial Aid,Total COA budget.,number,,False,,restricted,True,True,core/resources/aid_package.json
enrollment_intensity_assumed,AidPackage,Financial Aid,"Enrollment intensity assumed for packaging (e.g., full_time).",string,,False,,restricted,True,True,core/resources/aid_package.json
helix_id,AidPackage,Financial Aid,HELIX unique identifier,string,uuid,True,,restricted,True,True,core/resources/aid_package.json
meta,AidPackage,Financial Aid,HELIX metadata block — present on every resource,object,,False,,restricted,True,True,core/resources/aid_package.json
meta.classification,AidPackage,Financial Aid,Data classification tier per HELIX Govern,string,,False,,restricted,True,True,core/resources/aid_package.json
meta.created_at,AidPackage,Financial Aid,,string,date-time,False,,restricted,True,True,core/resources/aid_package.json
meta.data_owner,AidPackage,Financial Aid,Role or person responsible for data quality,string,,False,,restricted,True,True,core/resources/aid_package.json
meta.ferpa_flags,AidPackage,Financial Aid,"FERPA enforcement flags, applied at Bronze->Silver identity resolution and checked by every consumer before disclosure. See govern/ferpa-disclosure-framework.json.",object,,False,,restricted,True,True,core/resources/aid_package.json
meta.ferpa_flags.directory_restricted,AidPackage,Financial Aid,"True when the student has an active directory-information opt-out (from FERPARestriction.restrict_directory). When true, NO directory information may be disclosed under the 99.31(a)(11) directory exception.",boolean,,False,,restricted,True,True,core/resources/aid_package.json
meta.ferpa_flags.disclosure_basis_required,AidPackage,Financial Aid,"If true, a consumer must assert a valid 34 CFR 99.31 disclosure basis (or hold 99.30 consent) before data is returned.",boolean,,False,,restricted,True,True,core/resources/aid_package.json
meta.ferpa_flags.is_education_record,AidPackage,Financial Aid,True if this record is a FERPA education record (34 CFR 99.3).,boolean,,False,,restricted,True,True,core/resources/aid_package.json
meta.ferpa_flags.legitimate_interest_scope,AidPackage,Financial Aid,Roles/purposes pre-authorized as school officials with legitimate educational interest for this record (drives the 99.31(a)(1) check).,array,,False,,restricted,True,True,core/resources/aid_package.json
meta.ferpa_flags.restricted_categories,AidPackage,Financial Aid,Specific directory-information categories the student restricted (99.37). A field in this list must be withheld even if directory_restricted is false.,array,,False,,restricted,True,True,core/resources/aid_package.json
meta.ferpa_flags.study_disclosure_allowed,AidPackage,Financial Aid,Whether this record may be released under a 99.31(a)(6) studies agreement (typically de-identified or under a written agreement).,boolean,,False,,restricted,True,True,core/resources/aid_package.json
meta.source_system,AidPackage,Financial Aid,"Originating system (e.g., 'banner', 'peoplesoft', 'workday')",string,,False,,restricted,True,True,core/resources/aid_package.json
meta.updated_at,AidPackage,Financial Aid,,string,date-time,False,,restricted,True,True,core/resources/aid_package.json
meta.version,AidPackage,Financial Aid,Resource version number,integer,,False,,restricted,True,True,core/resources/aid_package.json
need,AidPackage,Financial Aid,Financial need = COA minus SAI.,number,,False,,restricted,True,True,core/resources/aid_package.json
packaging_date,AidPackage,Financial Aid,,string,date,False,,restricted,True,True,core/resources/aid_package.json
packaging_status,AidPackage,Financial Aid,Packaging lifecycle status,string,,True,,restricted,True,True,core/resources/aid_package.json
pj_adjustment_amount,AidPackage,Financial Aid,,number,,False,,restricted,True,True,core/resources/aid_package.json
pj_reason,AidPackage,Financial Aid,Professional judgment reason/justification.,string,,False,,restricted,True,True,core/resources/aid_package.json
professional_judgment_applied_flag,AidPackage,Financial Aid,,boolean,,False,,restricted,True,True,core/resources/aid_package.json
sai,AidPackage,Financial Aid,Student Aid Index used for this packaging.,integer,,False,,restricted,True,True,core/resources/aid_package.json
student_ref,AidPackage,Financial Aid,HELIX ID of the Student,string,,True,,restricted,True,True,core/resources/aid_package.json
total_aid_offered,AidPackage,Financial Aid,,number,,False,,restricted,True,True,core/resources/aid_package.json
total_grant_aid,AidPackage,Financial Aid,,number,,False,,restricted,True,True,core/resources/aid_package.json
total_self_help,AidPackage,Financial Aid,Self-help aid (loans + work-study).,number,,False,,restricted,True,True,core/resources/aid_package.json
unmet_need,AidPackage,Financial Aid,Remaining need after all aid.,number,,False,,restricted,True,True,core/resources/aid_package.json
alumni_association_member_flag,AlumniProfile,Outcomes,,boolean,,False,,confidential,True,False,core/resources/alumni_profile.json
career_level,AlumniProfile,Outcomes,,string,,False,,confidential,True,False,core/resources/alumni_profile.json
career_progression_notes,AlumniProfile,Outcomes,,string,,False,,confidential,True,False,core/resources/alumni_profile.json
career_services_opt_in_flag,AlumniProfile,Outcomes,,boolean,,False,,confidential,True,False,core/resources/alumni_profile.json
constituent_ref,AlumniProfile,Outcomes,"Cross-link to the Advancement Constituent record for the same person (the giving/advancement-side profile). Giving, donor segment, and solicitation data live on Constituent, NOT here.",string,,False,,confidential,True,False,core/resources/alumni_profile.json
current_employer,AlumniProfile,Outcomes,,string,,False,,confidential,True,False,core/resources/alumni_profile.json
current_industry,AlumniProfile,Outcomes,,string,,False,,confidential,True,False,core/resources/alumni_profile.json
current_job_title,AlumniProfile,Outcomes,,string,,False,,confidential,True,False,core/resources/alumni_profile.json
current_location_city,AlumniProfile,Outcomes,,string,,False,,confidential,True,False,core/resources/alumni_profile.json
current_location_country,AlumniProfile,Outcomes,,string,,False,,confidential,True,False,core/resources/alumni_profile.json
current_location_state,AlumniProfile,Outcomes,,string,,False,,confidential,True,False,core/resources/alumni_profile.json
event_attendance_count,AlumniProfile,Outcomes,,integer,,False,,confidential,True,False,core/resources/alumni_profile.json
geographic_chapter,AlumniProfile,Outcomes,,string,,False,,confidential,True,False,core/resources/alumni_profile.json
graduation_year,AlumniProfile,Outcomes,,string,,False,,confidential,True,False,core/resources/alumni_profile.json
helix_id,AlumniProfile,Outcomes,,string,uuid,True,,confidential,True,False,core/resources/alumni_profile.json
industry_sector,AlumniProfile,Outcomes,,string,,False,,confidential,True,False,core/resources/alumni_profile.json
last_engagement_date,AlumniProfile,Outcomes,,string,date,False,,confidential,True,False,core/resources/alumni_profile.json
linkedin_url,AlumniProfile,Outcomes,,string,uri,False,,confidential,True,False,core/resources/alumni_profile.json
mentor_flag,AlumniProfile,Outcomes,Willing to mentor current students,boolean,,False,,confidential,True,False,core/resources/alumni_profile.json
meta,AlumniProfile,Outcomes,HELIX metadata block — present on every resource,object,,False,,confidential,True,False,core/resources/alumni_profile.json
meta.classification,AlumniProfile,Outcomes,Data classification tier per HELIX Govern,string,,False,,confidential,True,False,core/resources/alumni_profile.json
meta.created_at,AlumniProfile,Outcomes,,string,date-time,False,,confidential,True,False,core/resources/alumni_profile.json
meta.data_owner,AlumniProfile,Outcomes,Role or person responsible for data quality,string,,False,,confidential,True,False,core/resources/alumni_profile.json
meta.ferpa_flags,AlumniProfile,Outcomes,"FERPA enforcement flags, applied at Bronze->Silver identity resolution and checked by every consumer before disclosure. See govern/ferpa-disclosure-framework.json. For AlumniProfile, is_education_record defaults to false: post-graduation career data collected independently of the education record is generally not a FERPA record. If any field is sourced from the student education record, treat that lineage accordingly.",object,,False,,confidential,True,False,core/resources/alumni_profile.json
meta.ferpa_flags.directory_restricted,AlumniProfile,Outcomes,"True when the student has an active directory-information opt-out (from FERPARestriction.restrict_directory). When true, NO directory information may be disclosed under the 99.31(a)(11) directory exception.",boolean,,False,,confidential,True,False,core/resources/alumni_profile.json
meta.ferpa_flags.disclosure_basis_required,AlumniProfile,Outcomes,"If true, a consumer must assert a valid 34 CFR 99.31 disclosure basis (or hold 99.30 consent) before data is returned.",boolean,,False,,confidential,True,False,core/resources/alumni_profile.json
meta.ferpa_flags.is_education_record,AlumniProfile,Outcomes,True if this record is a FERPA education record (34 CFR 99.3).,boolean,,False,,confidential,True,False,core/resources/alumni_profile.json
meta.ferpa_flags.legitimate_interest_scope,AlumniProfile,Outcomes,Roles/purposes pre-authorized as school officials with legitimate educational interest for this record (drives the 99.31(a)(1) check).,array,,False,,confidential,True,False,core/resources/alumni_profile.json
meta.ferpa_flags.restricted_categories,AlumniProfile,Outcomes,Specific directory-information categories the student restricted (99.37). A field in this list must be withheld even if directory_restricted is false.,array,,False,,confidential,True,False,core/resources/alumni_profile.json
meta.ferpa_flags.study_disclosure_allowed,AlumniProfile,Outcomes,Whether this record may be released under a 99.31(a)(6) studies agreement (typically de-identified or under a written agreement).,boolean,,False,,confidential,True,False,core/resources/alumni_profile.json
meta.source_system,AlumniProfile,Outcomes,"Originating system (e.g., 'banner', 'peoplesoft', 'workday')",string,,False,,confidential,True,False,core/resources/alumni_profile.json
meta.updated_at,AlumniProfile,Outcomes,,string,date-time,False,,confidential,True,False,core/resources/alumni_profile.json
meta.version,AlumniProfile,Outcomes,Resource version number,integer,,False,,confidential,True,False,core/resources/alumni_profile.json
person_ref,AlumniProfile,Outcomes,HELIX ID of the underlying Person,string,,True,,confidential,True,False,core/resources/alumni_profile.json
primary_degree_ref,AlumniProfile,Outcomes,HELIX ID of the primary Degree earned,string,,False,,confidential,True,False,core/resources/alumni_profile.json
professional_certifications,AlumniProfile,Outcomes,,array,,False,,confidential,True,False,core/resources/alumni_profile.json
student_ref,AlumniProfile,Outcomes,HELIX ID of the Student record from their time enrolled,string,,False,,confidential,True,False,core/resources/alumni_profile.json
volunteer_flag,AlumniProfile,Outcomes,,boolean,,False,,confidential,True,False,core/resources/alumni_profile.json
business_unit,ApVoucher,Financial Operations,Direct map.,string,,False,,internal,False,False,core/resources/ap_voucher.json
gross_amount,ApVoucher,Financial Operations,Direct map.,number,,False,,internal,False,False,core/resources/ap_voucher.json
helix_id,ApVoucher,Financial Operations,HELIX-assigned unique identifier for this APVoucher record.,string,,True,,internal,False,False,core/resources/ap_voucher.json
invoice_date,ApVoucher,Financial Operations,Cast to ISO 8601.,string,date,False,,internal,False,False,core/resources/ap_voucher.json
invoice_number,ApVoucher,Financial Operations,Supplier's invoice number.,string,,False,,internal,False,False,core/resources/ap_voucher.json
line_account,ApVoucher,Financial Operations,Map to HELIX account code.,string,,False,,internal,False,False,core/resources/ap_voucher.json
line_amount,ApVoucher,Financial Operations,Direct map.,number,,False,,internal,False,False,core/resources/ap_voucher.json
line_department,ApVoucher,Financial Operations,Map to HELIX org code.,string,,False,,internal,False,False,core/resources/ap_voucher.json
line_fund,ApVoucher,Financial Operations,Map to HELIX fund code.,string,,False,,internal,False,False,core/resources/ap_voucher.json
meta,ApVoucher,Financial Operations,HELIX metadata block — present on every resource.,object,,False,,internal,False,False,core/resources/ap_voucher.json
meta.classification,ApVoucher,Financial Operations,,string,,False,,internal,False,False,core/resources/ap_voucher.json
meta.created_at,ApVoucher,Financial Operations,,string,date-time,False,,internal,False,False,core/resources/ap_voucher.json
meta.data_owner,ApVoucher,Financial Operations,,string,,False,,internal,False,False,core/resources/ap_voucher.json
meta.source_system,ApVoucher,Financial Operations,"Originating system (e.g., 'peoplesoft', 'workday', 'banner').",string,,False,,internal,False,False,core/resources/ap_voucher.json
meta.updated_at,ApVoucher,Financial Operations,,string,date-time,False,,internal,False,False,core/resources/ap_voucher.json
meta.version,ApVoucher,Financial Operations,,integer,,False,,internal,False,False,core/resources/ap_voucher.json
payment_date,ApVoucher,Financial Operations,Cast to ISO 8601.,string,date,False,,internal,False,False,core/resources/ap_voucher.json
payment_method,ApVoucher,Financial Operations,"Map: 'Check'→'check', 'ACH'→'eft', 'Wire'→'wire'.",string,,False,,internal,False,False,core/resources/ap_voucher.json
po_reference,ApVoucher,Financial Operations,Link to originating PO if three-way match.,string,,False,,internal,False,False,core/resources/ap_voucher.json
spend_category,ApVoucher,Financial Operations,Direct map. Workday-specific classification.,string,,False,,internal,False,False,core/resources/ap_voucher.json
vendor_id,ApVoucher,Financial Operations,Direct map.,string,,False,,internal,False,False,core/resources/ap_voucher.json
vendor_name,ApVoucher,Financial Operations,Direct map.,string,,False,,internal,False,False,core/resources/ap_voucher.json
voucher_id,ApVoucher,Financial Operations,Direct map.,string,,True,,internal,False,False,core/resources/ap_voucher.json
voucher_status,ApVoucher,Financial Operations,"Map: 'Draft'→'pending', 'Awaiting Approval'→'pending', 'Approved'→'approved', 'Paid'→'paid', 'Canceled'→'void'.",string,,False,helix/payment-status,internal,False,False,core/resources/ap_voucher.json
amount,ArTransaction,Financial Operations,"Charges positive, payments/refunds negative.",number,,False,,confidential,False,True,core/resources/ar_transaction.json
balance_due,ArTransaction,Financial Operations,Direct map. Remaining balance after payments applied.,number,,False,,confidential,False,True,core/resources/ar_transaction.json
charge_code,ArTransaction,Financial Operations,"Map Workday Revenue Category to HELIX charge code. E.g., 'Tuition - Undergraduate' → 'tuition_ug'.",string,,False,,confidential,False,True,core/resources/ar_transaction.json
currency,ArTransaction,Financial Operations,ISO 4217. Direct map.,string,,False,,confidential,False,True,core/resources/ar_transaction.json
department,ArTransaction,Financial Operations,Map to HELIX org code.,string,,False,,confidential,False,True,core/resources/ar_transaction.json
description,ArTransaction,Financial Operations,Direct map.,string,,False,,confidential,False,True,core/resources/ar_transaction.json
due_date,ArTransaction,Financial Operations,Cast to ISO 8601.,string,date,False,,confidential,False,True,core/resources/ar_transaction.json
fund_code,ArTransaction,Financial Operations,Map to HELIX fund code.,string,,False,,confidential,False,True,core/resources/ar_transaction.json
helix_id,ArTransaction,Financial Operations,HELIX-assigned unique identifier for this ARTransaction record.,string,,True,,confidential,False,True,core/resources/ar_transaction.json
invoice_status,ArTransaction,Financial Operations,"Map: 'Draft' → 'draft', 'Approved' → 'open', 'Paid' → 'paid', 'Partially Paid' → 'partial', 'Canceled' → 'void'.",string,,False,,confidential,False,True,core/resources/ar_transaction.json
meta,ArTransaction,Financial Operations,HELIX metadata block — present on every resource.,object,,False,,confidential,False,True,core/resources/ar_transaction.json
meta.classification,ArTransaction,Financial Operations,,string,,False,,confidential,False,True,core/resources/ar_transaction.json
meta.created_at,ArTransaction,Financial Operations,,string,date-time,False,,confidential,False,True,core/resources/ar_transaction.json
meta.data_owner,ArTransaction,Financial Operations,,string,,False,,confidential,False,True,core/resources/ar_transaction.json
meta.source_system,ArTransaction,Financial Operations,"Originating system (e.g., 'peoplesoft', 'workday', 'banner').",string,,False,,confidential,False,True,core/resources/ar_transaction.json
meta.updated_at,ArTransaction,Financial Operations,,string,date-time,False,,confidential,False,True,core/resources/ar_transaction.json
meta.version,ArTransaction,Financial Operations,,integer,,False,,confidential,False,True,core/resources/ar_transaction.json
payment_method,ArTransaction,Financial Operations,"Map: 'Check' → 'check', 'ACH' → 'eft', 'Credit Card' → 'credit_card', 'Wire' → 'wire', 'Financial Aid' → 'fin_aid_disbursement'.",string,,False,,confidential,False,True,core/resources/ar_transaction.json
student_ref,ArTransaction,Financial Operations,"Resolve customer to HELIX student_id. In Workday Student, Customer = Student record.",string,,False,,confidential,False,True,core/resources/ar_transaction.json
term_ref,ArTransaction,Financial Operations,Link to HELIX AcademicPeriod. Institutions typically code tuition charges to an academic period.,string,,False,,confidential,False,True,core/resources/ar_transaction.json
third_party_ref,ArTransaction,Financial Operations,"If charge is covered by a third-party contract, reference the contract.",string,,False,,confidential,False,True,core/resources/ar_transaction.json
transaction_date,ArTransaction,Financial Operations,Cast to ISO 8601.,string,date,False,,confidential,False,True,core/resources/ar_transaction.json
transaction_id,ArTransaction,Financial Operations,Direct map.,string,,True,,confidential,False,True,core/resources/ar_transaction.json
transaction_type,ArTransaction,Financial Operations,"Map: Customer Invoice → 'charge', Customer Payment → 'payment', Customer Refund → 'refund', Credit Memo → 'adjustment'.",string,,False,,confidential,False,True,core/resources/ar_transaction.json
accumulated_depreciation,Asset,Financial Operations,Direct map.,number,,False,,internal,False,False,core/resources/asset.json
acquisition_cost,Asset,Financial Operations,Direct map.,number,,False,,internal,False,False,core/resources/asset.json
acquisition_date,Asset,Financial Operations,Cast to ISO 8601.,string,date,False,,internal,False,False,core/resources/asset.json
asset_category,Asset,Financial Operations,"Map: 'Land' → 'land', 'Buildings' → 'building', 'Equipment' → 'equipment', 'Software' → 'software', 'Vehicles' → 'vehicle', 'Leasehold Improvements' → 'leasehold', 'Library Collections' → 'library', 'Construction in Progress' → 'cip'.",string,,False,helix/asset-category,internal,False,False,core/resources/asset.json
asset_id,Asset,Financial Operations,Direct map.,string,,True,,internal,False,False,core/resources/asset.json
custodian,Asset,Financial Operations,Resolve to name. Person responsible.,string,,False,,internal,False,False,core/resources/asset.json
department,Asset,Financial Operations,Map to HELIX org code.,string,,False,,internal,False,False,core/resources/asset.json
depreciation_method,Asset,Financial Operations,"Map: 'Straight Line' → 'straight_line', 'Declining Balance' → 'declining_balance'.",string,,False,,internal,False,False,core/resources/asset.json
description,Asset,Financial Operations,Direct map.,string,,False,,internal,False,False,core/resources/asset.json
fund_code,Asset,Financial Operations,Map to HELIX fund code. Equipment on grants → restricted fund.,string,,False,,internal,False,False,core/resources/asset.json
grant_ref,Asset,Financial Operations,"If purchased on a grant, link to grant. Subject to federal disposition rules if federally funded.",string,,False,,internal,False,False,core/resources/asset.json
helix_id,Asset,Financial Operations,HELIX-assigned unique identifier for this Asset record.,string,,True,,internal,False,False,core/resources/asset.json
location_building,Asset,Financial Operations,Direct map.,string,,False,,internal,False,False,core/resources/asset.json
location_room,Asset,Financial Operations,Direct map.,string,,False,,internal,False,False,core/resources/asset.json
meta,Asset,Financial Operations,HELIX metadata block — present on every resource.,object,,False,,internal,False,False,core/resources/asset.json
meta.classification,Asset,Financial Operations,,string,,False,,internal,False,False,core/resources/asset.json
meta.created_at,Asset,Financial Operations,,string,date-time,False,,internal,False,False,core/resources/asset.json
meta.data_owner,Asset,Financial Operations,,string,,False,,internal,False,False,core/resources/asset.json
meta.source_system,Asset,Financial Operations,"Originating system (e.g., 'peoplesoft', 'workday', 'banner').",string,,False,,internal,False,False,core/resources/asset.json
meta.updated_at,Asset,Financial Operations,,string,date-time,False,,internal,False,False,core/resources/asset.json
meta.version,Asset,Financial Operations,,integer,,False,,internal,False,False,core/resources/asset.json
net_book_value,Asset,Financial Operations,acquisition_cost - accumulated_depreciation.,number,,False,,internal,False,False,core/resources/asset.json
salvage_value,Asset,Financial Operations,Direct map.,number,,False,,internal,False,False,core/resources/asset.json
status,Asset,Financial Operations,"Map: 'Active' → 'in_service', 'Disposed' → 'disposed', 'Under Construction' → 'cip', 'Fully Depreciated' → 'fully_depreciated'.",string,,False,helix/asset-status,internal,False,False,core/resources/asset.json
useful_life_months,Asset,Financial Operations,Convert to months if in years.,number,,False,,internal,False,False,core/resources/asset.json
academic_period_ref,AwardHonor,Outcomes,HELIX ID of the AcademicPeriod,string,,False,,confidential,True,False,core/resources/award_honor.json
academic_year,AwardHonor,Outcomes,Academic year in YYYY-YYYY format,string,,False,,confidential,True,False,core/resources/award_honor.json
award_date,AwardHonor,Outcomes,,string,date,False,,confidential,True,False,core/resources/award_honor.json
awarding_body,AwardHonor,Outcomes,,string,,False,,confidential,True,False,core/resources/award_honor.json
deans_list_flag,AwardHonor,Outcomes,,boolean,,False,,confidential,True,False,core/resources/award_honor.json
degree_ref,AwardHonor,Outcomes,HELIX ID of the associated Degree (if conferral honor),string,,False,,confidential,True,False,core/resources/award_honor.json
departmental_flag,AwardHonor,Outcomes,,boolean,,False,,confidential,True,False,core/resources/award_honor.json
description,AwardHonor,Outcomes,,string,,False,,confidential,True,False,core/resources/award_honor.json
gpa_at_award,AwardHonor,Outcomes,,number,,False,,confidential,True,False,core/resources/award_honor.json
helix_id,AwardHonor,Outcomes,,string,uuid,True,,confidential,True,False,core/resources/award_honor.json
honor_name,AwardHonor,Outcomes,,string,,False,,confidential,True,False,core/resources/award_honor.json
honor_type,AwardHonor,Outcomes,Category of honor/award. Bound to HELIX terminology: helix/honor-type,string,,True,helix/honor-type,confidential,True,False,core/resources/award_honor.json
latin_honors_designation,AwardHonor,Outcomes,,string,,False,,confidential,True,False,core/resources/award_honor.json
meta,AwardHonor,Outcomes,HELIX metadata block — present on every resource,object,,False,,confidential,True,False,core/resources/award_honor.json
meta.classification,AwardHonor,Outcomes,Data classification tier per HELIX Govern,string,,False,,confidential,True,False,core/resources/award_honor.json
meta.created_at,AwardHonor,Outcomes,,string,date-time,False,,confidential,True,False,core/resources/award_honor.json
meta.data_owner,AwardHonor,Outcomes,Role or person responsible for data quality,string,,False,,confidential,True,False,core/resources/award_honor.json
meta.ferpa_flags,AwardHonor,Outcomes,"FERPA enforcement flags, applied at Bronze->Silver identity resolution and checked by every consumer before disclosure. See govern/ferpa-disclosure-framework.json. Honors and awards are commonly designated directory information under 34 CFR 99.3; they may be disclosed without consent UNLESS directory_restricted is true or 'honors' appears in restricted_categories.",object,,False,,confidential,True,False,core/resources/award_honor.json
meta.ferpa_flags.directory_restricted,AwardHonor,Outcomes,"True when the student has an active directory-information opt-out (from FERPARestriction.restrict_directory). When true, NO directory information may be disclosed under the 99.31(a)(11) directory exception.",boolean,,False,,confidential,True,False,core/resources/award_honor.json
meta.ferpa_flags.disclosure_basis_required,AwardHonor,Outcomes,"If true, a consumer must assert a valid 34 CFR 99.31 disclosure basis (or hold 99.30 consent) before data is returned.",boolean,,False,,confidential,True,False,core/resources/award_honor.json
meta.ferpa_flags.is_education_record,AwardHonor,Outcomes,True if this record is a FERPA education record (34 CFR 99.3).,boolean,,False,,confidential,True,False,core/resources/award_honor.json
meta.ferpa_flags.legitimate_interest_scope,AwardHonor,Outcomes,Roles/purposes pre-authorized as school officials with legitimate educational interest for this record (drives the 99.31(a)(1) check).,array,,False,,confidential,True,False,core/resources/award_honor.json
meta.ferpa_flags.restricted_categories,AwardHonor,Outcomes,Specific directory-information categories the student restricted (99.37). A field in this list must be withheld even if directory_restricted is false.,array,,False,,confidential,True,False,core/resources/award_honor.json
meta.ferpa_flags.study_disclosure_allowed,AwardHonor,Outcomes,Whether this record may be released under a 99.31(a)(6) studies agreement (typically de-identified or under a written agreement).,boolean,,False,,confidential,True,False,core/resources/award_honor.json
meta.source_system,AwardHonor,Outcomes,"Originating system (e.g., 'banner', 'peoplesoft', 'workday')",string,,False,,confidential,True,False,core/resources/award_honor.json
meta.updated_at,AwardHonor,Outcomes,,string,date-time,False,,confidential,True,False,core/resources/award_honor.json
meta.version,AwardHonor,Outcomes,Resource version number,integer,,False,,confidential,True,False,core/resources/award_honor.json
monetary_value,AwardHonor,Outcomes,Monetary value if the award/scholarship carries one,number,,False,,confidential,True,False,core/resources/award_honor.json
national_recognition_flag,AwardHonor,Outcomes,,boolean,,False,,confidential,True,False,core/resources/award_honor.json
person_ref,AwardHonor,Outcomes,HELIX ID of the underlying Person,string,,False,,confidential,True,False,core/resources/award_honor.json
presidents_list_flag,AwardHonor,Outcomes,,boolean,,False,,confidential,True,False,core/resources/award_honor.json
scholarship_flag,AwardHonor,Outcomes,,boolean,,False,,confidential,True,False,core/resources/award_honor.json
student_ref,AwardHonor,Outcomes,HELIX ID of the Student,string,,True,,confidential,True,False,core/resources/award_honor.json
coverage_level,BenefitEnrollment,Human Resources,"Map: 'Employee Only' → 'employee', 'Employee + Spouse' → 'employee_spouse', 'Employee + Children' → 'employee_children', 'Family' → 'family'.",string,,False,,restricted,False,False,core/resources/benefit_enrollment.json
dependent_count,BenefitEnrollment,Human Resources,Number of covered dependents.,integer,,False,,restricted,False,False,core/resources/benefit_enrollment.json
employee_contribution,BenefitEnrollment,Human Resources,Per-pay-period employee contribution.,number,,False,,restricted,False,False,core/resources/benefit_enrollment.json
employee_ref,BenefitEnrollment,Human Resources,Link to HELIX employee_id.,string,,True,,restricted,False,False,core/resources/benefit_enrollment.json
employer_contribution,BenefitEnrollment,Human Resources,Per-pay-period employer contribution.,number,,False,,restricted,False,False,core/resources/benefit_enrollment.json
employer_match_pct,BenefitEnrollment,Human Resources,Employer matching percentage.,number,,False,,restricted,False,False,core/resources/benefit_enrollment.json
enrollment_date,BenefitEnrollment,Human Resources,Cast to ISO 8601.,string,date,False,,restricted,False,False,core/resources/benefit_enrollment.json
helix_id,BenefitEnrollment,Human Resources,HELIX-assigned unique identifier for this BenefitEnrollment record.,string,,True,,restricted,False,False,core/resources/benefit_enrollment.json
meta,BenefitEnrollment,Human Resources,HELIX metadata block — present on every resource.,object,,False,,restricted,False,False,core/resources/benefit_enrollment.json
meta.classification,BenefitEnrollment,Human Resources,,string,,False,,restricted,False,False,core/resources/benefit_enrollment.json
meta.created_at,BenefitEnrollment,Human Resources,,string,date-time,False,,restricted,False,False,core/resources/benefit_enrollment.json
meta.data_owner,BenefitEnrollment,Human Resources,,string,,False,,restricted,False,False,core/resources/benefit_enrollment.json
meta.source_system,BenefitEnrollment,Human Resources,"Originating system (e.g., 'peoplesoft', 'workday', 'banner').",string,,False,,restricted,False,False,core/resources/benefit_enrollment.json
meta.updated_at,BenefitEnrollment,Human Resources,,string,date-time,False,,restricted,False,False,core/resources/benefit_enrollment.json
meta.version,BenefitEnrollment,Human Resources,,integer,,False,,restricted,False,False,core/resources/benefit_enrollment.json
plan_name,BenefitEnrollment,Human Resources,Direct map.,string,,False,,restricted,False,False,core/resources/benefit_enrollment.json
plan_type,BenefitEnrollment,Human Resources,"Map: 'Medical' → 'medical', 'Dental' → 'dental', 'Vision' → 'vision', 'Life Insurance' → 'life', 'Disability' → 'disability', 'Retirement' → 'retirement', 'FSA' → 'fsa', 'HSA' → 'hsa', 'Tuition Waiver' → 'tuition_waiver'.",string,,False,helix/benefit-plan-type,restricted,False,False,core/resources/benefit_enrollment.json
retirement_contribution_pct,BenefitEnrollment,Human Resources,"Employee deferral percentage for 403(b), 457(b), state pension.",number,,False,,restricted,False,False,core/resources/benefit_enrollment.json
termination_date,BenefitEnrollment,Human Resources,Null if active. Cast to ISO 8601 if ended.,string,date,False,,restricted,False,False,core/resources/benefit_enrollment.json
account,Budget,Financial Operations,Map to HELIX account code.,string,,False,,internal,False,False,core/resources/budget.json
available_balance,Budget,Financial Operations,budget_amount - encumbered - expended.,number,,False,,internal,False,False,core/resources/budget.json
budget_amount,Budget,Financial Operations,Original budget + amendments.,number,,False,,internal,False,False,core/resources/budget.json
budget_id,Budget,Financial Operations,Composite key.,string,,True,,internal,False,False,core/resources/budget.json
budget_status,Budget,Financial Operations,"Map: 'Draft'→'draft', 'Approved'→'open', 'Closed'→'closed', 'Frozen'→'frozen'.",string,,False,helix/budget-status,internal,False,False,core/resources/budget.json
business_unit,Budget,Financial Operations,Direct map.,string,,False,,internal,False,False,core/resources/budget.json
department,Budget,Financial Operations,Map to HELIX org code.,string,,False,,internal,False,False,core/resources/budget.json
encumbered,Budget,Financial Operations,"Sum of open commitments (POs, contracts).",number,,False,,internal,False,False,core/resources/budget.json
expended,Budget,Financial Operations,Sum of posted actuals.,number,,False,,internal,False,False,core/resources/budget.json
fiscal_year,Budget,Financial Operations,Direct map.,integer,,False,,internal,False,False,core/resources/budget.json
fund_code,Budget,Financial Operations,Map to HELIX fund code.,string,,False,,internal,False,False,core/resources/budget.json
helix_id,Budget,Financial Operations,HELIX-assigned unique identifier for this Budget record.,string,,True,,internal,False,False,core/resources/budget.json
meta,Budget,Financial Operations,HELIX metadata block — present on every resource.,object,,False,,internal,False,False,core/resources/budget.json
meta.classification,Budget,Financial Operations,,string,,False,,internal,False,False,core/resources/budget.json
meta.created_at,Budget,Financial Operations,,string,date-time,False,,internal,False,False,core/resources/budget.json
meta.data_owner,Budget,Financial Operations,,string,,False,,internal,False,False,core/resources/budget.json
meta.source_system,Budget,Financial Operations,"Originating system (e.g., 'peoplesoft', 'workday', 'banner').",string,,False,,internal,False,False,core/resources/budget.json
meta.updated_at,Budget,Financial Operations,,string,date-time,False,,internal,False,False,core/resources/budget.json
meta.version,Budget,Financial Operations,,integer,,False,,internal,False,False,core/resources/budget.json
campaign_type,Campaign,Advancement,,string,,True,,internal,False,False,core/resources/campaign.json
donor_count,Campaign,Advancement,Unique donors to date,integer,,False,,internal,False,False,core/resources/campaign.json
end_date,Campaign,Advancement,,string,date,False,,internal,False,False,core/resources/campaign.json
gift_count,Campaign,Advancement,Total gifts/pledges to date,integer,,False,,internal,False,False,core/resources/campaign.json
goal_amount,Campaign,Advancement,,number,,True,,internal,False,False,core/resources/campaign.json
helix_id,Campaign,Advancement,,string,uuid,True,,internal,False,False,core/resources/campaign.json
institution_id,Campaign,Advancement,,string,,True,,internal,False,False,core/resources/campaign.json
meta,Campaign,Advancement,HELIX metadata block — present on every resource,object,,False,,internal,False,False,core/resources/campaign.json
meta.classification,Campaign,Advancement,,string,,False,,internal,False,False,core/resources/campaign.json
meta.created_at,Campaign,Advancement,,string,date-time,False,,internal,False,False,core/resources/campaign.json
meta.data_owner,Campaign,Advancement,,string,,False,,internal,False,False,core/resources/campaign.json
meta.source_system,Campaign,Advancement,,string,,False,,internal,False,False,core/resources/campaign.json
meta.updated_at,Campaign,Advancement,,string,date-time,False,,internal,False,False,core/resources/campaign.json
meta.version,Campaign,Advancement,,integer,,False,,internal,False,False,core/resources/campaign.json
name,Campaign,Advancement,"Campaign name (e.g., 'Forward Together: Campaign for State University')",string,,True,,internal,False,False,core/resources/campaign.json
priorities,Campaign,Advancement,,array,,False,,internal,False,False,core/resources/campaign.json
priorities[].designation_codes,Campaign,Advancement,,array,,False,,internal,False,False,core/resources/campaign.json
priorities[].goal_amount,Campaign,Advancement,,number,,False,,internal,False,False,core/resources/campaign.json
priorities[].priority_name,Campaign,Advancement,"e.g., 'Student Scholarships', 'New Science Building', 'Faculty Endowment'",string,,False,,internal,False,False,core/resources/campaign.json
priorities[].raised_amount,Campaign,Advancement,,number,,False,,internal,False,False,core/resources/campaign.json
raised_amount,Campaign,Advancement,Total raised to date,number,,False,,internal,False,False,core/resources/campaign.json
start_date,Campaign,Advancement,,string,date,True,,internal,False,False,core/resources/campaign.json
status,Campaign,Advancement,,string,,False,,internal,False,False,core/resources/campaign.json
base_pay,Compensation,Human Resources,Annualized base salary or hourly rate × standard hours.,number,,False,,restricted,False,False,core/resources/compensation.json
change_reason,Compensation,Human Resources,"Map: 'Hire' → 'hire', 'Promotion' → 'promotion', 'Merit Increase' → 'merit', 'Market Adjustment' → 'market', 'Transfer' → 'transfer', 'Reclassification' → 'reclass'.",string,,False,,restricted,False,False,core/resources/compensation.json
compa_ratio,Compensation,Human Resources,"Ratio of actual pay to midpoint. <1.0 = below market, >1.0 = above.",number,,False,,restricted,False,False,core/resources/compensation.json
compensation_grade,Compensation,Human Resources,Direct map.,string,,False,,restricted,False,False,core/resources/compensation.json
compensation_step,Compensation,Human Resources,Direct map if applicable. Null for non-step plans.,string,,False,,restricted,False,False,core/resources/compensation.json
currency,Compensation,Human Resources,ISO 4217. Direct map.,string,,False,,restricted,False,False,core/resources/compensation.json
effective_date,Compensation,Human Resources,Cast to ISO 8601. The date this compensation became effective.,string,date,False,,restricted,False,False,core/resources/compensation.json
employee_ref,Compensation,Human Resources,Link to HELIX employee_id.,string,,True,,restricted,False,False,core/resources/compensation.json
grade_maximum,Compensation,Human Resources,Direct map. Top of the pay range.,number,,False,,restricted,False,False,core/resources/compensation.json
grade_midpoint,Compensation,Human Resources,Direct map. Market reference point.,number,,False,,restricted,False,False,core/resources/compensation.json
grade_minimum,Compensation,Human Resources,Direct map. Bottom of the pay range.,number,,False,,restricted,False,False,core/resources/compensation.json
helix_id,Compensation,Human Resources,HELIX-assigned unique identifier for this Compensation record.,string,,True,,restricted,False,False,core/resources/compensation.json
meta,Compensation,Human Resources,HELIX metadata block — present on every resource.,object,,False,,restricted,False,False,core/resources/compensation.json
meta.classification,Compensation,Human Resources,,string,,False,,restricted,False,False,core/resources/compensation.json
meta.created_at,Compensation,Human Resources,,string,date-time,False,,restricted,False,False,core/resources/compensation.json
meta.data_owner,Compensation,Human Resources,,string,,False,,restricted,False,False,core/resources/compensation.json
meta.source_system,Compensation,Human Resources,"Originating system (e.g., 'peoplesoft', 'workday', 'banner').",string,,False,,restricted,False,False,core/resources/compensation.json
meta.updated_at,Compensation,Human Resources,,string,date-time,False,,restricted,False,False,core/resources/compensation.json
meta.version,Compensation,Human Resources,,integer,,False,,restricted,False,False,core/resources/compensation.json
pay_rate,Compensation,Human Resources,The actual rate: salary amount or hourly rate.,number,,False,,restricted,False,False,core/resources/compensation.json
pay_rate_type,Compensation,Human Resources,"Map: 'Salary' → 'salary', 'Hourly' → 'hourly'.",string,,False,helix/compensation-type,restricted,False,False,core/resources/compensation.json
affinity_groups,Constituent,Advancement,"Affiliations: Greek org, athletics, college, department, student org, etc.",array,,False,,confidential,False,False,core/resources/constituent.json
assigned_officer,Constituent,Advancement,Development officer/gift officer managing this relationship,string,,False,,confidential,False,False,core/resources/constituent.json
class_year,Constituent,Advancement,"Graduation class year (e.g., '2015'). Primary affinity identifier for alumni.",string,,False,,confidential,False,False,core/resources/constituent.json
communication_preferences,Constituent,Advancement,,object,,False,,confidential,False,False,core/resources/constituent.json
communication_preferences.email_opt_in,Constituent,Advancement,,boolean,,False,,confidential,False,False,core/resources/constituent.json
communication_preferences.mail_opt_in,Constituent,Advancement,,boolean,,False,,confidential,False,False,core/resources/constituent.json
communication_preferences.phone_opt_in,Constituent,Advancement,,boolean,,False,,confidential,False,False,core/resources/constituent.json
communication_preferences.preferred_channel,Constituent,Advancement,,string,,False,,confidential,False,False,core/resources/constituent.json
consecutive_giving_years,Constituent,Advancement,,integer,,False,,confidential,False,False,core/resources/constituent.json
constituent_type,Constituent,Advancement,Bound to HELIX terminology: helix/constituent-type.,string,,True,helix/constituent-type,confidential,False,False,core/resources/constituent.json
degrees,Constituent,Advancement,,array,,False,,confidential,False,False,core/resources/constituent.json
degrees[].degree_ref,Constituent,Advancement,HELIX ID of the Degree resource,string,,False,,confidential,False,False,core/resources/constituent.json
degrees[].degree_type,Constituent,Advancement,,string,,False,,confidential,False,False,core/resources/constituent.json
degrees[].major,Constituent,Advancement,,string,,False,,confidential,False,False,core/resources/constituent.json
degrees[].year,Constituent,Advancement,,string,,False,,confidential,False,False,core/resources/constituent.json
donor_segment,Constituent,Advancement,Current donor lifecycle segment for targeting Bound to HELIX terminology: helix/donor-segment.,string,,False,helix/donor-segment,confidential,False,False,core/resources/constituent.json
employer,Constituent,Advancement,,string,,False,,confidential,False,False,core/resources/constituent.json
engagement_score,Constituent,Advancement,"Composite engagement score (events, emails, volunteering, social, etc.)",number,,False,,confidential,False,False,core/resources/constituent.json
giving_capacity,Constituent,Advancement,,object,,False,,confidential,False,False,core/resources/constituent.json
giving_capacity.capacity_rating,Constituent,Advancement,,string,,False,,confidential,False,False,core/resources/constituent.json
giving_capacity.estimated_capacity,Constituent,Advancement,Wealth screening estimated giving capacity,number,,False,,confidential,False,False,core/resources/constituent.json
giving_capacity.screening_date,Constituent,Advancement,,string,date,False,,confidential,False,False,core/resources/constituent.json
giving_capacity.screening_source,Constituent,Advancement,"Wealth screening vendor (e.g., 'EverTrue', 'Windfall', 'iWave')",string,,False,,confidential,False,False,core/resources/constituent.json
helix_id,Constituent,Advancement,,string,uuid,True,,confidential,False,False,core/resources/constituent.json
industry,Constituent,Advancement,,string,,False,,confidential,False,False,core/resources/constituent.json
institution_id,Constituent,Advancement,,string,,True,,confidential,False,False,core/resources/constituent.json
job_title,Constituent,Advancement,,string,,False,,confidential,False,False,core/resources/constituent.json
largest_gift_amount,Constituent,Advancement,,number,,False,,confidential,False,False,core/resources/constituent.json
last_gift_amount,Constituent,Advancement,,number,,False,,confidential,False,False,core/resources/constituent.json
last_gift_date,Constituent,Advancement,,string,date,False,,confidential,False,False,core/resources/constituent.json
lifetime_giving,Constituent,Advancement,Total lifetime giving amount,number,,False,,confidential,False,False,core/resources/constituent.json
meta,Constituent,Advancement,HELIX metadata block — present on every resource,object,,False,,confidential,False,False,core/resources/constituent.json
meta.classification,Constituent,Advancement,,string,,False,,confidential,False,False,core/resources/constituent.json
meta.created_at,Constituent,Advancement,,string,date-time,False,,confidential,False,False,core/resources/constituent.json
meta.data_owner,Constituent,Advancement,,string,,False,,confidential,False,False,core/resources/constituent.json
meta.source_system,Constituent,Advancement,,string,,False,,confidential,False,False,core/resources/constituent.json
meta.updated_at,Constituent,Advancement,,string,date-time,False,,confidential,False,False,core/resources/constituent.json
meta.version,Constituent,Advancement,,integer,,False,,confidential,False,False,core/resources/constituent.json
person_ref,Constituent,Advancement,HELIX ID of the underlying Person resource (if individual),string,,False,,confidential,False,False,core/resources/constituent.json
prospect_stage,Constituent,Advancement,Moves management pipeline stage Bound to HELIX terminology: helix/prospect-stage.,string,,False,helix/prospect-stage,confidential,False,False,core/resources/constituent.json
solicitation_codes,Constituent,Advancement,Active solicitation restrictions or preferences,array,,False,,confidential,False,False,core/resources/constituent.json
status,Constituent,Advancement,,string,,True,,confidential,False,False,core/resources/constituent.json
student_ref,Constituent,Advancement,HELIX ID of the Student resource (if alumnus),string,,False,,confidential,False,False,core/resources/constituent.json
academic_year_graduated,ContinuingEducation,Outcomes,Graduation year in YYYY-YYYY format,string,,False,,confidential,True,False,core/resources/continuing_education.json
cip_code,ContinuingEducation,Outcomes,Classification of Instructional Programs (CIP) code of the new program,string,,False,,confidential,True,False,core/resources/continuing_education.json
continuing_ed_level,ContinuingEducation,Outcomes,Level of continuing education pursued. Bound to HELIX terminology: helix/continuing-ed-level,string,,True,helix/continuing-ed-level,confidential,True,False,core/resources/continuing_education.json
data_collection_method,ContinuingEducation,Outcomes,,string,,False,,confidential,True,False,core/resources/continuing_education.json
degree_ref,ContinuingEducation,Outcomes,HELIX ID of the Degree completed prior to continuing education,string,,False,,confidential,True,False,core/resources/continuing_education.json
enrollment_status,ContinuingEducation,Outcomes,,string,,False,,confidential,True,False,core/resources/continuing_education.json
expected_completion_date,ContinuingEducation,Outcomes,,string,date,False,,confidential,True,False,core/resources/continuing_education.json
field_of_study,ContinuingEducation,Outcomes,,string,,False,,confidential,True,False,core/resources/continuing_education.json
funding_type,ContinuingEducation,Outcomes,,string,,False,,confidential,True,False,core/resources/continuing_education.json
helix_id,ContinuingEducation,Outcomes,,string,uuid,True,,confidential,True,False,core/resources/continuing_education.json
institution_ipeds_id,ContinuingEducation,Outcomes,"IPEDS UnitID of the receiving institution, if known",string,,False,,confidential,True,False,core/resources/continuing_education.json
institution_name,ContinuingEducation,Outcomes,Name of the institution where continuing education is pursued,string,,False,,confidential,True,False,core/resources/continuing_education.json
meta,ContinuingEducation,Outcomes,HELIX metadata block — present on every resource,object,,False,,confidential,True,False,core/resources/continuing_education.json
meta.classification,ContinuingEducation,Outcomes,Data classification tier per HELIX Govern,string,,False,,confidential,True,False,core/resources/continuing_education.json
meta.created_at,ContinuingEducation,Outcomes,,string,date-time,False,,confidential,True,False,core/resources/continuing_education.json
meta.data_owner,ContinuingEducation,Outcomes,Role or person responsible for data quality,string,,False,,confidential,True,False,core/resources/continuing_education.json
meta.ferpa_flags,ContinuingEducation,Outcomes,"FERPA enforcement flags, applied at Bronze->Silver identity resolution and checked by every consumer before disclosure. See govern/ferpa-disclosure-framework.json.",object,,False,,confidential,True,False,core/resources/continuing_education.json
meta.ferpa_flags.directory_restricted,ContinuingEducation,Outcomes,"True when the student has an active directory-information opt-out (from FERPARestriction.restrict_directory). When true, NO directory information may be disclosed under the 99.31(a)(11) directory exception.",boolean,,False,,confidential,True,False,core/resources/continuing_education.json
meta.ferpa_flags.disclosure_basis_required,ContinuingEducation,Outcomes,"If true, a consumer must assert a valid 34 CFR 99.31 disclosure basis (or hold 99.30 consent) before data is returned.",boolean,,False,,confidential,True,False,core/resources/continuing_education.json
meta.ferpa_flags.is_education_record,ContinuingEducation,Outcomes,True if this record is a FERPA education record (34 CFR 99.3).,boolean,,False,,confidential,True,False,core/resources/continuing_education.json
meta.ferpa_flags.legitimate_interest_scope,ContinuingEducation,Outcomes,Roles/purposes pre-authorized as school officials with legitimate educational interest for this record (drives the 99.31(a)(1) check).,array,,False,,confidential,True,False,core/resources/continuing_education.json
meta.ferpa_flags.restricted_categories,ContinuingEducation,Outcomes,Specific directory-information categories the student restricted (99.37). A field in this list must be withheld even if directory_restricted is false.,array,,False,,confidential,True,False,core/resources/continuing_education.json
meta.ferpa_flags.study_disclosure_allowed,ContinuingEducation,Outcomes,Whether this record may be released under a 99.31(a)(6) studies agreement (typically de-identified or under a written agreement).,boolean,,False,,confidential,True,False,core/resources/continuing_education.json
meta.source_system,ContinuingEducation,Outcomes,"Originating system (e.g., 'banner', 'peoplesoft', 'workday')",string,,False,,confidential,True,False,core/resources/continuing_education.json
meta.updated_at,ContinuingEducation,Outcomes,,string,date-time,False,,confidential,True,False,core/resources/continuing_education.json
meta.version,ContinuingEducation,Outcomes,Resource version number,integer,,False,,confidential,True,False,core/resources/continuing_education.json
outcome_date,ContinuingEducation,Outcomes,,string,date,False,,confidential,True,False,core/resources/continuing_education.json
person_ref,ContinuingEducation,Outcomes,HELIX ID of the underlying Person,string,,False,,confidential,True,False,core/resources/continuing_education.json
program_name,ContinuingEducation,Outcomes,,string,,False,,confidential,True,False,core/resources/continuing_education.json
start_date,ContinuingEducation,Outcomes,,string,date,False,,confidential,True,False,core/resources/continuing_education.json
student_ref,ContinuingEducation,Outcomes,HELIX ID of the Student,string,,True,,confidential,True,False,core/resources/continuing_education.json
amount_spent,Contract,Financial Operations,Sum of invoiced amounts linked to this contract.,number,,False,,internal,False,False,core/resources/contract.json
contract_id,Contract,Financial Operations,Direct map.,string,,True,,internal,False,False,core/resources/contract.json
contract_name,Contract,Financial Operations,Direct map.,string,,False,,internal,False,False,core/resources/contract.json
contract_status,Contract,Financial Operations,"Map: 'Draft' → 'draft', 'Active' → 'active', 'Expired' → 'expired', 'Terminated' → 'terminated', 'On Hold' → 'on_hold'.",string,,False,helix/contract-status,internal,False,False,core/resources/contract.json
contract_type,Contract,Financial Operations,"Map: 'Blanket PO' → 'blanket', 'Rate Contract' → 'rate', 'Service Agreement' → 'service', 'Construction' → 'construction', 'Consulting' → 'consulting'.",string,,False,,internal,False,False,core/resources/contract.json
department,Contract,Financial Operations,Map to HELIX org code.,string,,False,,internal,False,False,core/resources/contract.json
end_date,Contract,Financial Operations,Cast to ISO 8601.,string,date,False,,internal,False,False,core/resources/contract.json
fund_code,Contract,Financial Operations,Map to HELIX fund code.,string,,False,,internal,False,False,core/resources/contract.json
helix_id,Contract,Financial Operations,HELIX-assigned unique identifier for this Contract record.,string,,True,,internal,False,False,core/resources/contract.json
meta,Contract,Financial Operations,HELIX metadata block — present on every resource.,object,,False,,internal,False,False,core/resources/contract.json
meta.classification,Contract,Financial Operations,,string,,False,,internal,False,False,core/resources/contract.json
meta.created_at,Contract,Financial Operations,,string,date-time,False,,internal,False,False,core/resources/contract.json
meta.data_owner,Contract,Financial Operations,,string,,False,,internal,False,False,core/resources/contract.json
meta.source_system,Contract,Financial Operations,"Originating system (e.g., 'peoplesoft', 'workday', 'banner').",string,,False,,internal,False,False,core/resources/contract.json
meta.updated_at,Contract,Financial Operations,,string,date-time,False,,internal,False,False,core/resources/contract.json
meta.version,Contract,Financial Operations,,integer,,False,,internal,False,False,core/resources/contract.json
owner,Contract,Financial Operations,Resolve to name. Procurement officer or department contact.,string,,False,,internal,False,False,core/resources/contract.json
start_date,Contract,Financial Operations,Cast to ISO 8601.,string,date,False,,internal,False,False,core/resources/contract.json
total_value,Contract,Financial Operations,Direct map.,number,,False,,internal,False,False,core/resources/contract.json
vendor_id,Contract,Financial Operations,Direct map.,string,,False,,internal,False,False,core/resources/contract.json
vendor_name,Contract,Financial Operations,Direct map.,string,,False,,internal,False,False,core/resources/contract.json
academic_org_ref,Course,Academic Structure,HELIX ID of the owning academic organization/department,string,,False,,internal,False,False,core/resources/course.json
course_number,Course,Academic Structure,"Catalog number (e.g., '101', '4500')",string,,True,,internal,False,False,core/resources/course.json
credit_hours_max,Course,Academic Structure,Maximum credit hours,number,,False,,internal,False,False,core/resources/course.json
credit_hours_min,Course,Academic Structure,Minimum credit hours (for variable-credit courses),number,,False,,internal,False,False,core/resources/course.json
description,Course,Academic Structure,,string,,False,,internal,False,False,core/resources/course.json
effective_date,Course,Academic Structure,,string,date,False,,internal,False,False,core/resources/course.json
end_date,Course,Academic Structure,,string,date,False,,internal,False,False,core/resources/course.json
helix_id,Course,Academic Structure,,string,uuid,True,,internal,False,False,core/resources/course.json
institution_id,Course,Academic Structure,,string,,True,,internal,False,False,core/resources/course.json
is_active,Course,Academic Structure,,boolean,,False,,internal,False,False,core/resources/course.json
level,Course,Academic Structure,Bound to HELIX terminology: helix/course-level.,string,,False,helix/course-level,internal,False,False,core/resources/course.json
meta,Course,Academic Structure,HELIX metadata block — present on every resource,object,,False,,internal,False,False,core/resources/course.json
meta.classification,Course,Academic Structure,Data classification tier per HELIX Govern,string,,False,,internal,False,False,core/resources/course.json
meta.created_at,Course,Academic Structure,,string,date-time,False,,internal,False,False,core/resources/course.json
meta.data_owner,Course,Academic Structure,Role or person responsible for data quality,string,,False,,internal,False,False,core/resources/course.json
meta.source_system,Course,Academic Structure,"Originating system (e.g., 'banner', 'peoplesoft', 'workday')",string,,False,,internal,False,False,core/resources/course.json
meta.updated_at,Course,Academic Structure,,string,date-time,False,,internal,False,False,core/resources/course.json
meta.version,Course,Academic Structure,Resource version number,integer,,False,,internal,False,False,core/resources/course.json
subject_code,Course,Academic Structure,"Department/subject prefix (e.g., 'CS', 'ECON', 'BIOL')",string,,True,,internal,False,False,core/resources/course.json
title,Course,Academic Structure,Official course title,string,,True,,internal,False,False,core/resources/course.json
academic_org_ref,CourseSection,Academic Structure,HELIX ID of the owning department/AcademicOrg,string,,False,,internal,False,False,core/resources/course_section.json
academic_period_ref,CourseSection,Academic Structure,HELIX ID of the AcademicPeriod,string,,True,,internal,False,False,core/resources/course_section.json
actual_enrollment,CourseSection,Academic Structure,,integer,,False,,internal,False,False,core/resources/course_section.json
building,CourseSection,Academic Structure,,string,,False,,internal,False,False,core/resources/course_section.json
campus,CourseSection,Academic Structure,,string,,False,,internal,False,False,core/resources/course_section.json
course_ref,CourseSection,Academic Structure,HELIX ID of the parent Course resource,string,,True,,internal,False,False,core/resources/course_section.json
credit_hours,CourseSection,Academic Structure,,number,,False,,internal,False,False,core/resources/course_section.json
crn,CourseSection,Academic Structure,Course Reference Number or equivalent registration code,string,,False,,internal,False,False,core/resources/course_section.json
cross_listed_sections,CourseSection,Academic Structure,"HELIX IDs of cross-listed sections (same meeting, different subject/number)",array,,False,,internal,False,False,core/resources/course_section.json
delivery_mode,CourseSection,Academic Structure,Bound to HELIX terminology: helix/delivery-mode.,string,,False,helix/delivery-mode,internal,False,False,core/resources/course_section.json
fees,CourseSection,Academic Structure,,array,,False,,internal,False,False,core/resources/course_section.json
fees[].amount,CourseSection,Academic Structure,,number,,False,,internal,False,False,core/resources/course_section.json
fees[].currency,CourseSection,Academic Structure,,string,,False,,internal,False,False,core/resources/course_section.json
fees[].fee_type,CourseSection,Academic Structure,,string,,False,,internal,False,False,core/resources/course_section.json
final_exam_date,CourseSection,Academic Structure,,string,date-time,False,,internal,False,False,core/resources/course_section.json
helix_id,CourseSection,Academic Structure,,string,uuid,True,,internal,False,False,core/resources/course_section.json
institution_id,CourseSection,Academic Structure,,string,,True,,internal,False,False,core/resources/course_section.json
instructors,CourseSection,Academic Structure,,array,,False,,internal,False,False,core/resources/course_section.json
instructors[].employee_ref,CourseSection,Academic Structure,HELIX ID or identifier for the instructor,string,,False,,internal,False,False,core/resources/course_section.json
instructors[].name,CourseSection,Academic Structure,,string,,False,,internal,False,False,core/resources/course_section.json
instructors[].role,CourseSection,Academic Structure,,string,,False,,internal,False,False,core/resources/course_section.json
max_enrollment,CourseSection,Academic Structure,,integer,,False,,internal,False,False,core/resources/course_section.json
meta,CourseSection,Academic Structure,HELIX metadata block — present on every resource,object,,False,,internal,False,False,core/resources/course_section.json
meta.classification,CourseSection,Academic Structure,Data classification tier per HELIX Govern,string,,False,,internal,False,False,core/resources/course_section.json
meta.created_at,CourseSection,Academic Structure,,string,date-time,False,,internal,False,False,core/resources/course_section.json
meta.data_owner,CourseSection,Academic Structure,Role or person responsible for data quality,string,,False,,internal,False,False,core/resources/course_section.json
meta.source_system,CourseSection,Academic Structure,"Originating system (e.g., 'banner', 'peoplesoft', 'workday')",string,,False,,internal,False,False,core/resources/course_section.json
meta.updated_at,CourseSection,Academic Structure,,string,date-time,False,,internal,False,False,core/resources/course_section.json
meta.version,CourseSection,Academic Structure,Resource version number,integer,,False,,internal,False,False,core/resources/course_section.json
room,CourseSection,Academic Structure,,string,,False,,internal,False,False,core/resources/course_section.json
schedule,CourseSection,Academic Structure,Meeting pattern,object,,False,,internal,False,False,core/resources/course_section.json
schedule.days,CourseSection,Academic Structure,"Meeting days (e.g., 'MWF', 'TR')",string,,False,,internal,False,False,core/resources/course_section.json
schedule.end_time,CourseSection,Academic Structure,,string,time,False,,internal,False,False,core/resources/course_section.json
schedule.start_time,CourseSection,Academic Structure,,string,time,False,,internal,False,False,core/resources/course_section.json
section_number,CourseSection,Academic Structure,"Section identifier (e.g., '001', 'A')",string,,True,,internal,False,False,core/resources/course_section.json
section_status,CourseSection,Academic Structure,,string,,False,,internal,False,False,core/resources/course_section.json
syllabus_url,CourseSection,Academic Structure,,string,uri,False,,internal,False,False,core/resources/course_section.json
title_override,CourseSection,Academic Structure,Section-specific title if different from catalog course,string,,False,,internal,False,False,core/resources/course_section.json
waitlist_capacity,CourseSection,Academic Structure,,integer,,False,,internal,False,False,core/resources/course_section.json
additional_minors,Degree,Outcomes,,array,,False,,confidential,True,False,core/resources/degree.json
certifications,Degree,Outcomes,Embedded certifications earned alongside the degree NOTE: Professional licensure/certification exams are now modeled in the Licensure resource; this embedded list is retained for backward compatibility.,array,,False,,confidential,True,False,core/resources/degree.json
commencement_participation,Degree,Outcomes,,boolean,,False,,confidential,True,False,core/resources/degree.json
concentration,Degree,Outcomes,,string,,False,,confidential,True,False,core/resources/degree.json
conferral_date,Degree,Outcomes,,string,date,True,,confidential,True,False,core/resources/degree.json
conferral_period_ref,Degree,Outcomes,HELIX ID of the AcademicPeriod of conferral,string,,False,,confidential,True,False,core/resources/degree.json
cumulative_gpa,Degree,Outcomes,,number,,False,,confidential,True,False,core/resources/degree.json
degree_level,Degree,Outcomes,Bound to HELIX terminology: helix/degree-level.,string,,False,helix/degree-level,confidential,True,False,core/resources/degree.json
degree_status,Degree,Outcomes,Tracks degree from near-completion through official conferral,string,,False,,confidential,True,False,core/resources/degree.json
degree_type,Degree,Outcomes,"Degree designation (e.g., 'BS', 'MA', 'PhD')",string,,False,,confidential,True,False,core/resources/degree.json
helix_id,Degree,Outcomes,,string,uuid,True,,confidential,True,False,core/resources/degree.json
honors,Degree,Outcomes,,string,,False,,confidential,True,False,core/resources/degree.json
institution_id,Degree,Outcomes,,string,,True,,confidential,True,False,core/resources/degree.json
major,Degree,Outcomes,,string,,False,,confidential,True,False,core/resources/degree.json
meta,Degree,Outcomes,HELIX metadata block — present on every resource,object,,False,,confidential,True,False,core/resources/degree.json
meta.classification,Degree,Outcomes,Data classification tier per HELIX Govern,string,,False,,confidential,True,False,core/resources/degree.json
meta.created_at,Degree,Outcomes,,string,date-time,False,,confidential,True,False,core/resources/degree.json
meta.data_owner,Degree,Outcomes,Role or person responsible for data quality,string,,False,,confidential,True,False,core/resources/degree.json
meta.ferpa_flags,Degree,Outcomes,"FERPA enforcement flags, applied at Bronze->Silver identity resolution and checked by every consumer before disclosure. See govern/ferpa-disclosure-framework.json.",object,,False,,confidential,True,False,core/resources/degree.json
meta.ferpa_flags.directory_restricted,Degree,Outcomes,"True when the student has an active directory-information opt-out (from FERPARestriction.restrict_directory). When true, NO directory information may be disclosed under the 99.31(a)(11) directory exception.",boolean,,False,,confidential,True,False,core/resources/degree.json
meta.ferpa_flags.disclosure_basis_required,Degree,Outcomes,"If true, a consumer must assert a valid 34 CFR 99.31 disclosure basis (or hold 99.30 consent) before data is returned.",boolean,,False,,confidential,True,False,core/resources/degree.json
meta.ferpa_flags.is_education_record,Degree,Outcomes,True if this record is a FERPA education record (34 CFR 99.3).,boolean,,False,,confidential,True,False,core/resources/degree.json
meta.ferpa_flags.legitimate_interest_scope,Degree,Outcomes,Roles/purposes pre-authorized as school officials with legitimate educational interest for this record (drives the 99.31(a)(1) check).,array,,False,,confidential,True,False,core/resources/degree.json
meta.ferpa_flags.restricted_categories,Degree,Outcomes,Specific directory-information categories the student restricted (99.37). A field in this list must be withheld even if directory_restricted is false.,array,,False,,confidential,True,False,core/resources/degree.json
meta.ferpa_flags.study_disclosure_allowed,Degree,Outcomes,Whether this record may be released under a 99.31(a)(6) studies agreement (typically de-identified or under a written agreement).,boolean,,False,,confidential,True,False,core/resources/degree.json
meta.source_system,Degree,Outcomes,"Originating system (e.g., 'banner', 'peoplesoft', 'workday')",string,,False,,confidential,True,False,core/resources/degree.json
meta.updated_at,Degree,Outcomes,,string,date-time,False,,confidential,True,False,core/resources/degree.json
meta.version,Degree,Outcomes,Resource version number,integer,,False,,confidential,True,False,core/resources/degree.json
minor,Degree,Outcomes,,string,,False,,confidential,True,False,core/resources/degree.json
program_ref,Degree,Outcomes,HELIX ID of the Program,string,,True,,confidential,True,False,core/resources/degree.json
second_major,Degree,Outcomes,,string,,False,,confidential,True,False,core/resources/degree.json
student_ref,Degree,Outcomes,HELIX ID of the Student,string,,True,,confidential,True,False,core/resources/degree.json
thesis_title,Degree,Outcomes,,string,,False,,confidential,True,False,core/resources/degree.json
time_to_degree_terms,Degree,Outcomes,Number of terms from first enrollment to conferral,integer,,False,,confidential,True,False,core/resources/degree.json
total_credit_hours_earned,Degree,Outcomes,,number,,False,,confidential,True,False,core/resources/degree.json
total_transfer_credits_applied,Degree,Outcomes,,number,,False,,confidential,True,False,core/resources/degree.json
audit_date,DegreeAudit,Enrollment & Registration,Date the audit was run.,string,date,True,,confidential,True,False,core/resources/degree_audit.json
catalog_year,DegreeAudit,Enrollment & Registration,"The catalog year governing this student's requirements (e.g., '2024-2025').",string,,False,,confidential,True,False,core/resources/degree_audit.json
completion_percentage,DegreeAudit,Enrollment & Registration,Percentage of requirements satisfied.,number,,False,,confidential,True,False,core/resources/degree_audit.json
gpa_current,DegreeAudit,Enrollment & Registration,Current GPA in program courses.,number,,False,,confidential,True,False,core/resources/degree_audit.json
gpa_required,DegreeAudit,Enrollment & Registration,Minimum GPA required for completion.,number,,False,,confidential,True,False,core/resources/degree_audit.json
helix_id,DegreeAudit,Enrollment & Registration,HELIX-assigned unique identifier for this audit.,string,,True,,confidential,True,False,core/resources/degree_audit.json
in_progress_count,DegreeAudit,Enrollment & Registration,Requirements being met by current enrollment.,integer,,False,,confidential,True,False,core/resources/degree_audit.json
meta,DegreeAudit,Enrollment & Registration,,object,,False,,confidential,True,False,core/resources/degree_audit.json
meta.classification,DegreeAudit,Enrollment & Registration,,string,,False,,confidential,True,False,core/resources/degree_audit.json
meta.ferpa_flags,DegreeAudit,Enrollment & Registration,"FERPA enforcement flags, applied at Bronze->Silver identity resolution and checked by every consumer before disclosure. See govern/ferpa-disclosure-framework.json.",object,,False,,confidential,True,False,core/resources/degree_audit.json
meta.ferpa_flags.directory_restricted,DegreeAudit,Enrollment & Registration,"True when the student has an active directory-information opt-out (from FERPARestriction.restrict_directory). When true, NO directory information may be disclosed under the 99.31(a)(11) directory exception.",boolean,,False,,confidential,True,False,core/resources/degree_audit.json
meta.ferpa_flags.disclosure_basis_required,DegreeAudit,Enrollment & Registration,"If true, a consumer must assert a valid 34 CFR 99.31 disclosure basis (or hold 99.30 consent) before data is returned.",boolean,,False,,confidential,True,False,core/resources/degree_audit.json
meta.ferpa_flags.is_education_record,DegreeAudit,Enrollment & Registration,True if this record is a FERPA education record (34 CFR 99.3).,boolean,,False,,confidential,True,False,core/resources/degree_audit.json
meta.ferpa_flags.legitimate_interest_scope,DegreeAudit,Enrollment & Registration,Roles/purposes pre-authorized as school officials with legitimate educational interest for this record (drives the 99.31(a)(1) check).,array,,False,,confidential,True,False,core/resources/degree_audit.json
meta.ferpa_flags.restricted_categories,DegreeAudit,Enrollment & Registration,Specific directory-information categories the student restricted (99.37). A field in this list must be withheld even if directory_restricted is false.,array,,False,,confidential,True,False,core/resources/degree_audit.json
meta.ferpa_flags.study_disclosure_allowed,DegreeAudit,Enrollment & Registration,Whether this record may be released under a 99.31(a)(6) studies agreement (typically de-identified or under a written agreement).,boolean,,False,,confidential,True,False,core/resources/degree_audit.json
meta.source_id,DegreeAudit,Enrollment & Registration,,string,,False,,confidential,True,False,core/resources/degree_audit.json
meta.source_system,DegreeAudit,Enrollment & Registration,,string,,False,,confidential,True,False,core/resources/degree_audit.json
meta.version,DegreeAudit,Enrollment & Registration,,string,,False,,confidential,True,False,core/resources/degree_audit.json
overall_status,DegreeAudit,Enrollment & Registration,Overall completion status.,string,,False,,confidential,True,False,core/resources/degree_audit.json
program_ref,DegreeAudit,Enrollment & Registration,Reference to the HELIX Program resource.,string,,True,,confidential,True,False,core/resources/degree_audit.json
projected_completion_date,DegreeAudit,Enrollment & Registration,Estimated graduation date.,string,date,False,,confidential,True,False,core/resources/degree_audit.json
requirements,DegreeAudit,Enrollment & Registration,Individual requirements with status.,array,,False,,confidential,True,False,core/resources/degree_audit.json
requirements[].courses_applied,DegreeAudit,Enrollment & Registration,Course references that satisfy this requirement.,array,,False,,confidential,True,False,core/resources/degree_audit.json
requirements[].requirement_name,DegreeAudit,Enrollment & Registration,,string,,False,,confidential,True,False,core/resources/degree_audit.json
requirements[].requirement_type,DegreeAudit,Enrollment & Registration,,string,,False,,confidential,True,False,core/resources/degree_audit.json
requirements[].status,DegreeAudit,Enrollment & Registration,,string,,False,,confidential,True,False,core/resources/degree_audit.json
satisfied_count,DegreeAudit,Enrollment & Registration,Requirements fully satisfied.,integer,,False,,confidential,True,False,core/resources/degree_audit.json
student_ref,DegreeAudit,Enrollment & Registration,Reference to the HELIX Student resource.,string,,True,,confidential,True,False,core/resources/degree_audit.json
total_requirements,DegreeAudit,Enrollment & Registration,Total requirement count.,integer,,False,,confidential,True,False,core/resources/degree_audit.json
units_completed,DegreeAudit,Enrollment & Registration,Credits earned toward the program.,number,,False,,confidential,True,False,core/resources/degree_audit.json
units_in_progress,DegreeAudit,Enrollment & Registration,Credits currently enrolled.,number,,False,,confidential,True,False,core/resources/degree_audit.json
units_remaining,DegreeAudit,Enrollment & Registration,Credits still needed.,number,,False,,confidential,True,False,core/resources/degree_audit.json
units_required,DegreeAudit,Enrollment & Registration,Total credits required by the program.,number,,False,,confidential,True,False,core/resources/degree_audit.json
unsatisfied_count,DegreeAudit,Enrollment & Registration,Requirements not yet met.,integer,,False,,confidential,True,False,core/resources/degree_audit.json
academic_period_ref,Disbursement,Financial Aid,HELIX ID of the AcademicPeriod,string,,False,,restricted,True,True,core/resources/disbursement.json
academic_year,Disbursement,Financial Aid,Aid year in YYYY-YYYY format,string,,False,,restricted,True,True,core/resources/disbursement.json
actual_disbursement_date,Disbursement,Financial Aid,,string,date,False,,restricted,True,True,core/resources/disbursement.json
cod_reported_flag,Disbursement,Financial Aid,Reported to Common Origination and Disbursement (COD).,boolean,,False,,restricted,True,True,core/resources/disbursement.json
cod_response_date,Disbursement,Financial Aid,,string,date,False,,restricted,True,True,core/resources/disbursement.json
disbursement_number,Disbursement,Financial Aid,"Disbursement number (1st, 2nd, ...).",integer,,False,,restricted,True,True,core/resources/disbursement.json
disbursement_sequence,Disbursement,Financial Aid,,integer,,False,,restricted,True,True,core/resources/disbursement.json
disbursement_status,Disbursement,Financial Aid,Bound to helix/disbursement-status.,string,,True,helix/disbursement-status,restricted,True,True,core/resources/disbursement.json
fees_deducted,Disbursement,Financial Aid,,number,,False,,restricted,True,True,core/resources/disbursement.json
fin_aid_award_ref,Disbursement,Financial Aid,HELIX ID of the FinAidAward being disbursed,string,,True,,restricted,True,True,core/resources/disbursement.json
fund_code,Disbursement,Financial Aid,Institution's internal fund code.,string,,False,,restricted,True,True,core/resources/disbursement.json
fund_name,Disbursement,Financial Aid,"Specific fund/program name (e.g., 'Federal Pell Grant').",string,,False,,restricted,True,True,core/resources/disbursement.json
gross_amount,Disbursement,Financial Aid,,number,,False,,restricted,True,True,core/resources/disbursement.json
helix_id,Disbursement,Financial Aid,HELIX unique identifier,string,uuid,True,,restricted,True,True,core/resources/disbursement.json
hold_flag,Disbursement,Financial Aid,,boolean,,False,,restricted,True,True,core/resources/disbursement.json
hold_reason,Disbursement,Financial Aid,,string,,False,,restricted,True,True,core/resources/disbursement.json
ledger_posted_flag,Disbursement,Financial Aid,Posted to the student AR ledger.,boolean,,False,,restricted,True,True,core/resources/disbursement.json
meta,Disbursement,Financial Aid,HELIX metadata block — present on every resource,object,,False,,restricted,True,True,core/resources/disbursement.json
meta.classification,Disbursement,Financial Aid,Data classification tier per HELIX Govern,string,,False,,restricted,True,True,core/resources/disbursement.json
meta.created_at,Disbursement,Financial Aid,,string,date-time,False,,restricted,True,True,core/resources/disbursement.json
meta.data_owner,Disbursement,Financial Aid,Role or person responsible for data quality,string,,False,,restricted,True,True,core/resources/disbursement.json
meta.ferpa_flags,Disbursement,Financial Aid,"FERPA enforcement flags, applied at Bronze->Silver identity resolution and checked by every consumer before disclosure. See govern/ferpa-disclosure-framework.json.",object,,False,,restricted,True,True,core/resources/disbursement.json
meta.ferpa_flags.directory_restricted,Disbursement,Financial Aid,"True when the student has an active directory-information opt-out (from FERPARestriction.restrict_directory). When true, NO directory information may be disclosed under the 99.31(a)(11) directory exception.",boolean,,False,,restricted,True,True,core/resources/disbursement.json
meta.ferpa_flags.disclosure_basis_required,Disbursement,Financial Aid,"If true, a consumer must assert a valid 34 CFR 99.31 disclosure basis (or hold 99.30 consent) before data is returned.",boolean,,False,,restricted,True,True,core/resources/disbursement.json
meta.ferpa_flags.is_education_record,Disbursement,Financial Aid,True if this record is a FERPA education record (34 CFR 99.3).,boolean,,False,,restricted,True,True,core/resources/disbursement.json
meta.ferpa_flags.legitimate_interest_scope,Disbursement,Financial Aid,Roles/purposes pre-authorized as school officials with legitimate educational interest for this record (drives the 99.31(a)(1) check).,array,,False,,restricted,True,True,core/resources/disbursement.json
meta.ferpa_flags.restricted_categories,Disbursement,Financial Aid,Specific directory-information categories the student restricted (99.37). A field in this list must be withheld even if directory_restricted is false.,array,,False,,restricted,True,True,core/resources/disbursement.json
meta.ferpa_flags.study_disclosure_allowed,Disbursement,Financial Aid,Whether this record may be released under a 99.31(a)(6) studies agreement (typically de-identified or under a written agreement).,boolean,,False,,restricted,True,True,core/resources/disbursement.json
meta.source_system,Disbursement,Financial Aid,"Originating system (e.g., 'banner', 'peoplesoft', 'workday')",string,,False,,restricted,True,True,core/resources/disbursement.json
meta.updated_at,Disbursement,Financial Aid,,string,date-time,False,,restricted,True,True,core/resources/disbursement.json
meta.version,Disbursement,Financial Aid,Resource version number,integer,,False,,restricted,True,True,core/resources/disbursement.json
net_amount,Disbursement,Financial Aid,,number,,False,,restricted,True,True,core/resources/disbursement.json
refund_amount,Disbursement,Financial Aid,,number,,False,,restricted,True,True,core/resources/disbursement.json
refund_date,Disbursement,Financial Aid,,string,date,False,,restricted,True,True,core/resources/disbursement.json
refund_generated_flag,Disbursement,Financial Aid,,boolean,,False,,restricted,True,True,core/resources/disbursement.json
scheduled_date,Disbursement,Financial Aid,,string,date,False,,restricted,True,True,core/resources/disbursement.json
student_ref,Disbursement,Financial Aid,HELIX ID of the Student,string,,True,,restricted,True,True,core/resources/disbursement.json
citizenship_status,Employee,Human Resources,"Map: 'Citizen' → 'citizen', 'Permanent Resident' → 'permanent_resident', 'Visa' → 'visa_holder'.",string,,False,,confidential,False,False,core/resources/employee.json
continuous_service_date,Employee,Human Resources,"Date for service-based calculations (vacation accrual, retirement vesting).",string,date,False,,confidential,False,False,core/resources/employee.json
date_of_birth,Employee,Human Resources,Cast to ISO 8601.,string,,False,,confidential,False,False,core/resources/employee.json
employee_id,Employee,Human Resources,Direct map. Institution's employee number.,string,,False,,confidential,False,False,core/resources/employee.json
employee_type,Employee,Human Resources,"Higher ed specific: 'faculty_tenured', 'faculty_tenure_track', 'faculty_ntt', 'faculty_adjunct', 'staff_regular', 'staff_temp', 'student_worker', 'graduate_assistant', 'postdoc'.",string,,False,,confidential,False,False,core/resources/employee.json
employment_status,Employee,Human Resources,"Map: 'Active' → 'active', 'Terminated' → 'terminated', 'Leave of Absence' → 'leave', 'Suspended' → 'suspended', 'Retired' → 'retired'.",string,,False,helix/employment-status,confidential,False,False,core/resources/employee.json
ethnicity,Employee,Human Resources,Map to HELIX ethnicity terminology. IPEDS/EEO category.,string,,False,,confidential,False,False,core/resources/employee.json
flsa_status,Employee,Human Resources,"Map: 'Exempt' → 'exempt', 'Non-Exempt' → 'non_exempt'.",string,,False,helix/flsa-status,confidential,False,False,core/resources/employee.json
fte,Employee,Human Resources,Normalize to 0.0-1.0. Full-time = 1.0.,number,,False,,confidential,False,False,core/resources/employee.json
gender,Employee,Human Resources,Map to HELIX gender terminology.,string,,False,,confidential,False,False,core/resources/employee.json
helix_id,Employee,Human Resources,HELIX-assigned unique identifier for this Employee record.,string,,True,,confidential,False,False,core/resources/employee.json
hire_date,Employee,Human Resources,Cast to ISO 8601.,string,date,False,,confidential,False,False,core/resources/employee.json
home_address,Employee,Human Resources,Map to HELIX address structure.,string,,False,,confidential,False,False,core/resources/employee.json
legal_name,Employee,Human Resources,Legal Name (structured sub-object).,object,,False,,confidential,False,False,core/resources/employee.json
meta,Employee,Human Resources,HELIX metadata block — present on every resource.,object,,False,,confidential,False,False,core/resources/employee.json
meta.classification,Employee,Human Resources,,string,,False,,confidential,False,False,core/resources/employee.json
meta.created_at,Employee,Human Resources,,string,date-time,False,,confidential,False,False,core/resources/employee.json
meta.data_owner,Employee,Human Resources,,string,,False,,confidential,False,False,core/resources/employee.json
meta.source_system,Employee,Human Resources,"Originating system (e.g., 'peoplesoft', 'workday', 'banner').",string,,False,,confidential,False,False,core/resources/employee.json
meta.updated_at,Employee,Human Resources,,string,date-time,False,,confidential,False,False,core/resources/employee.json
meta.version,Employee,Human Resources,,integer,,False,,confidential,False,False,core/resources/employee.json
national_id,Employee,Human Resources,Tokenize at silver layer. Display last 4 only.,string,,False,,confidential,False,False,core/resources/employee.json
original_hire_date,Employee,Human Resources,"If rehire, the first-ever hire date. Important for benefits eligibility and seniority.",string,date,False,,confidential,False,False,core/resources/employee.json
person_ref,Employee,Human Resources,"Link to HELIX Person resource. May be the same person as a Student (student employees, GAs).",string,,True,,confidential,False,False,core/resources/employee.json
preferred_name,Employee,Human Resources,Preferred Name (structured sub-object).,object,,False,,confidential,False,False,core/resources/employee.json
primary_work_email,Employee,Human Resources,Direct map.,string,,False,,confidential,False,False,core/resources/employee.json
primary_work_phone,Employee,Human Resources,Direct map.,string,,False,,confidential,False,False,core/resources/employee.json
termination_date,Employee,Human Resources,Null if active. Cast to ISO 8601 if terminated.,string,date,False,,confidential,False,False,core/resources/employee.json
termination_reason,Employee,Human Resources,"Map: 'Voluntary - Resignation' → 'resignation', 'Voluntary - Retirement' → 'retirement', 'Involuntary - Termination' → 'involuntary', 'End of Contract' → 'contract_end', 'Deceased' → 'deceased'.",string,,False,,confidential,False,False,core/resources/employee.json
visa_type,Employee,Human Resources,"If non-citizen: H-1B, J-1, F-1/OPT, TN, etc.",string,,False,,confidential,False,False,core/resources/employee.json
worker_type,Employee,Human Resources,"Map: 'Employee' → 'employee', 'Contingent Worker' → 'contingent'.",string,,False,helix/worker-type,confidential,False,False,core/resources/employee.json
academic_year_graduated,EmploymentOutcome,Outcomes,Graduation aid/academic year in YYYY-YYYY format,string,,False,,confidential,True,False,core/resources/employment_outcome.json
continuing_education_flag,EmploymentOutcome,Outcomes,True if the graduate is simultaneously pursuing continuing education,boolean,,False,,confidential,True,False,core/resources/employment_outcome.json
data_collection_date,EmploymentOutcome,Outcomes,,string,date,False,,confidential,True,False,core/resources/employment_outcome.json
data_collection_method,EmploymentOutcome,Outcomes,,string,,False,,confidential,True,False,core/resources/employment_outcome.json
degree_ref,EmploymentOutcome,Outcomes,HELIX ID of the Degree this outcome is associated with,string,,False,,confidential,True,False,core/resources/employment_outcome.json
employer_industry,EmploymentOutcome,Outcomes,Industry sector of the employer,string,,False,,confidential,True,False,core/resources/employment_outcome.json
employer_name,EmploymentOutcome,Outcomes,,string,,False,,confidential,True,False,core/resources/employment_outcome.json
employment_location_city,EmploymentOutcome,Outcomes,,string,,False,,confidential,True,False,core/resources/employment_outcome.json
employment_location_country,EmploymentOutcome,Outcomes,,string,,False,,confidential,True,False,core/resources/employment_outcome.json
employment_location_state,EmploymentOutcome,Outcomes,,string,,False,,confidential,True,False,core/resources/employment_outcome.json
employment_relation_to_major,EmploymentOutcome,Outcomes,How related the position is to the field of study. Bound to HELIX terminology: helix/employment-relation,string,,False,helix/employment-relation,confidential,True,False,core/resources/employment_outcome.json
employment_type,EmploymentOutcome,Outcomes,,string,,False,,confidential,True,False,core/resources/employment_outcome.json
helix_id,EmploymentOutcome,Outcomes,,string,uuid,True,,confidential,True,False,core/resources/employment_outcome.json
hired_before_graduation_flag,EmploymentOutcome,Outcomes,,boolean,,False,,confidential,True,False,core/resources/employment_outcome.json
job_title,EmploymentOutcome,Outcomes,,string,,False,,confidential,True,False,core/resources/employment_outcome.json
knowledge_source,EmploymentOutcome,Outcomes,Source of the outcome knowledge for NACE knowledge-rate purposes,string,,False,,confidential,True,False,core/resources/employment_outcome.json
meta,EmploymentOutcome,Outcomes,HELIX metadata block — present on every resource,object,,False,,confidential,True,False,core/resources/employment_outcome.json
meta.classification,EmploymentOutcome,Outcomes,Data classification tier per HELIX Govern,string,,False,,confidential,True,False,core/resources/employment_outcome.json
meta.created_at,EmploymentOutcome,Outcomes,,string,date-time,False,,confidential,True,False,core/resources/employment_outcome.json
meta.data_owner,EmploymentOutcome,Outcomes,Role or person responsible for data quality,string,,False,,confidential,True,False,core/resources/employment_outcome.json
meta.ferpa_flags,EmploymentOutcome,Outcomes,"FERPA enforcement flags, applied at Bronze->Silver identity resolution and checked by every consumer before disclosure. See govern/ferpa-disclosure-framework.json. First-destination employment data is often collected post-graduation; while tied to the student's education record at graduation, institutions should confirm education-record status for data collected independently after separation.",object,,False,,confidential,True,False,core/resources/employment_outcome.json
meta.ferpa_flags.directory_restricted,EmploymentOutcome,Outcomes,"True when the student has an active directory-information opt-out (from FERPARestriction.restrict_directory). When true, NO directory information may be disclosed under the 99.31(a)(11) directory exception.",boolean,,False,,confidential,True,False,core/resources/employment_outcome.json
meta.ferpa_flags.disclosure_basis_required,EmploymentOutcome,Outcomes,"If true, a consumer must assert a valid 34 CFR 99.31 disclosure basis (or hold 99.30 consent) before data is returned.",boolean,,False,,confidential,True,False,core/resources/employment_outcome.json
meta.ferpa_flags.is_education_record,EmploymentOutcome,Outcomes,True if this record is a FERPA education record (34 CFR 99.3).,boolean,,False,,confidential,True,False,core/resources/employment_outcome.json
meta.ferpa_flags.legitimate_interest_scope,EmploymentOutcome,Outcomes,Roles/purposes pre-authorized as school officials with legitimate educational interest for this record (drives the 99.31(a)(1) check).,array,,False,,confidential,True,False,core/resources/employment_outcome.json
meta.ferpa_flags.restricted_categories,EmploymentOutcome,Outcomes,Specific directory-information categories the student restricted (99.37). A field in this list must be withheld even if directory_restricted is false.,array,,False,,confidential,True,False,core/resources/employment_outcome.json
meta.ferpa_flags.study_disclosure_allowed,EmploymentOutcome,Outcomes,Whether this record may be released under a 99.31(a)(6) studies agreement (typically de-identified or under a written agreement).,boolean,,False,,confidential,True,False,core/resources/employment_outcome.json
meta.source_system,EmploymentOutcome,Outcomes,"Originating system (e.g., 'banner', 'peoplesoft', 'workday')",string,,False,,confidential,True,False,core/resources/employment_outcome.json
meta.updated_at,EmploymentOutcome,Outcomes,,string,date-time,False,,confidential,True,False,core/resources/employment_outcome.json
meta.version,EmploymentOutcome,Outcomes,Resource version number,integer,,False,,confidential,True,False,core/resources/employment_outcome.json
outcome_date,EmploymentOutcome,Outcomes,,string,date,False,,confidential,True,False,core/resources/employment_outcome.json
outcome_type,EmploymentOutcome,Outcomes,First-destination outcome category. Bound to HELIX terminology: helix/first-destination-status,string,,True,helix/first-destination-status,confidential,True,False,core/resources/employment_outcome.json
person_ref,EmploymentOutcome,Outcomes,HELIX ID of the underlying Person,string,,False,,confidential,True,False,core/resources/employment_outcome.json
salary_amount,EmploymentOutcome,Outcomes,Annual salary in local currency,number,,False,,confidential,True,False,core/resources/employment_outcome.json
salary_currency,EmploymentOutcome,Outcomes,ISO 4217 currency code,string,,False,,confidential,True,False,core/resources/employment_outcome.json
salary_source,EmploymentOutcome,Outcomes,,string,,False,,confidential,True,False,core/resources/employment_outcome.json
signing_bonus,EmploymentOutcome,Outcomes,,number,,False,,confidential,True,False,core/resources/employment_outcome.json
student_ref,EmploymentOutcome,Outcomes,HELIX ID of the Student,string,,True,,confidential,True,False,core/resources/employment_outcome.json
time_to_hire_days,EmploymentOutcome,Outcomes,Days from graduation (or job search start) to hire,integer,,False,,confidential,True,False,core/resources/employment_outcome.json
activity_date,EngagementActivity,Advancement,,string,date-time,True,,internal,False,False,core/resources/engagement_activity.json
activity_type,EngagementActivity,Advancement,,string,,True,,internal,False,False,core/resources/engagement_activity.json
channel,EngagementActivity,Advancement,,string,,False,,internal,False,False,core/resources/engagement_activity.json
constituent_ref,EngagementActivity,Advancement,,string,,True,,internal,False,False,core/resources/engagement_activity.json
engagement_points,EngagementActivity,Advancement,Weighted points for engagement scoring model,integer,,False,,internal,False,False,core/resources/engagement_activity.json
event_name,EngagementActivity,Advancement,"Name of event, email campaign, or activity",string,,False,,internal,False,False,core/resources/engagement_activity.json
event_type,EngagementActivity,Advancement,,string,,False,,internal,False,False,core/resources/engagement_activity.json
helix_id,EngagementActivity,Advancement,,string,uuid,True,,internal,False,False,core/resources/engagement_activity.json
linked_gift_ref,EngagementActivity,Advancement,"If this activity resulted in a gift, link to the Gift resource",string,,False,,internal,False,False,core/resources/engagement_activity.json
location,EngagementActivity,Advancement,,string,,False,,internal,False,False,core/resources/engagement_activity.json
meta,EngagementActivity,Advancement,HELIX metadata block — present on every resource,object,,False,,internal,False,False,core/resources/engagement_activity.json
meta.classification,EngagementActivity,Advancement,,string,,False,,internal,False,False,core/resources/engagement_activity.json
meta.created_at,EngagementActivity,Advancement,,string,date-time,False,,internal,False,False,core/resources/engagement_activity.json
meta.data_owner,EngagementActivity,Advancement,,string,,False,,internal,False,False,core/resources/engagement_activity.json
meta.source_system,EngagementActivity,Advancement,,string,,False,,internal,False,False,core/resources/engagement_activity.json
meta.updated_at,EngagementActivity,Advancement,,string,date-time,False,,internal,False,False,core/resources/engagement_activity.json
meta.version,EngagementActivity,Advancement,,integer,,False,,internal,False,False,core/resources/engagement_activity.json
notes,EngagementActivity,Advancement,,string,,False,,internal,False,False,core/resources/engagement_activity.json
officer_ref,EngagementActivity,Advancement,Development officer who facilitated the interaction,string,,False,,internal,False,False,core/resources/engagement_activity.json
academic_period_ref,Enrollment,Enrollment & Registration,HELIX ID of the AcademicPeriod resource,string,,True,,confidential,True,False,core/resources/enrollment.json
attendance_verified,Enrollment,Enrollment & Registration,Whether attendance/participation has been verified by instructor,boolean,,False,,confidential,True,False,core/resources/enrollment.json
billing_hours,Enrollment,Enrollment & Registration,Credit hours used for billing purposes (may differ from academic credit hours),number,,False,,confidential,True,False,core/resources/enrollment.json
course_section_ref,Enrollment,Enrollment & Registration,HELIX ID of the CourseSection resource,string,,True,,confidential,True,False,core/resources/enrollment.json
credit_hours_attempted,Enrollment,Enrollment & Registration,,number,,False,,confidential,True,False,core/resources/enrollment.json
credit_hours_earned,Enrollment,Enrollment & Registration,,number,,False,,confidential,True,False,core/resources/enrollment.json
drop_date,Enrollment,Enrollment & Registration,,string,date,False,,confidential,True,False,core/resources/enrollment.json
enrollment_date,Enrollment,Enrollment & Registration,,string,date,False,,confidential,True,False,core/resources/enrollment.json
enrollment_status,Enrollment,Enrollment & Registration,Bound to HELIX terminology: helix/enrollment-status.,string,,True,helix/enrollment-status,confidential,True,False,core/resources/enrollment.json
final_exam_grade,Enrollment,Enrollment & Registration,,string,,False,,confidential,True,False,core/resources/enrollment.json
grade,Enrollment,Enrollment & Registration,Final grade. Bound to institution's HELIX grade terminology profile.,string,,False,,confidential,True,False,core/resources/enrollment.json
grade_mode,Enrollment,Enrollment & Registration,,string,,False,helix/grade-mode,confidential,True,False,core/resources/enrollment.json
grade_points,Enrollment,Enrollment & Registration,,number,,False,,confidential,True,False,core/resources/enrollment.json
helix_id,Enrollment,Enrollment & Registration,,string,uuid,True,,confidential,True,False,core/resources/enrollment.json
instructional_method,Enrollment,Enrollment & Registration,,string,,False,,confidential,True,False,core/resources/enrollment.json
last_attendance_date,Enrollment,Enrollment & Registration,Last date of academic activity. Required for federal financial aid return calculations.,string,date,False,,confidential,True,False,core/resources/enrollment.json
meta,Enrollment,Enrollment & Registration,HELIX metadata block — present on every resource,object,,False,,confidential,True,False,core/resources/enrollment.json
meta.classification,Enrollment,Enrollment & Registration,Data classification tier per HELIX Govern,string,,False,,confidential,True,False,core/resources/enrollment.json
meta.created_at,Enrollment,Enrollment & Registration,,string,date-time,False,,confidential,True,False,core/resources/enrollment.json
meta.data_owner,Enrollment,Enrollment & Registration,Role or person responsible for data quality,string,,False,,confidential,True,False,core/resources/enrollment.json
meta.ferpa_flags,Enrollment,Enrollment & Registration,"FERPA enforcement flags, applied at Bronze->Silver identity resolution and checked by every consumer before disclosure. See govern/ferpa-disclosure-framework.json.",object,,False,,confidential,True,False,core/resources/enrollment.json
meta.ferpa_flags.directory_restricted,Enrollment,Enrollment & Registration,"True when the student has an active directory-information opt-out (from FERPARestriction.restrict_directory). When true, NO directory information may be disclosed under the 99.31(a)(11) directory exception.",boolean,,False,,confidential,True,False,core/resources/enrollment.json
meta.ferpa_flags.disclosure_basis_required,Enrollment,Enrollment & Registration,"If true, a consumer must assert a valid 34 CFR 99.31 disclosure basis (or hold 99.30 consent) before data is returned.",boolean,,False,,confidential,True,False,core/resources/enrollment.json
meta.ferpa_flags.is_education_record,Enrollment,Enrollment & Registration,True if this record is a FERPA education record (34 CFR 99.3).,boolean,,False,,confidential,True,False,core/resources/enrollment.json
meta.ferpa_flags.legitimate_interest_scope,Enrollment,Enrollment & Registration,Roles/purposes pre-authorized as school officials with legitimate educational interest for this record (drives the 99.31(a)(1) check).,array,,False,,confidential,True,False,core/resources/enrollment.json
meta.ferpa_flags.restricted_categories,Enrollment,Enrollment & Registration,Specific directory-information categories the student restricted (99.37). A field in this list must be withheld even if directory_restricted is false.,array,,False,,confidential,True,False,core/resources/enrollment.json
meta.ferpa_flags.study_disclosure_allowed,Enrollment,Enrollment & Registration,Whether this record may be released under a 99.31(a)(6) studies agreement (typically de-identified or under a written agreement).,boolean,,False,,confidential,True,False,core/resources/enrollment.json
meta.source_system,Enrollment,Enrollment & Registration,"Originating system (e.g., 'banner', 'peoplesoft', 'workday')",string,,False,,confidential,True,False,core/resources/enrollment.json
meta.updated_at,Enrollment,Enrollment & Registration,,string,date-time,False,,confidential,True,False,core/resources/enrollment.json
meta.version,Enrollment,Enrollment & Registration,Resource version number,integer,,False,,confidential,True,False,core/resources/enrollment.json
midterm_grade,Enrollment,Enrollment & Registration,Midterm/progress grade if institution uses early alert grading,string,,False,,confidential,True,False,core/resources/enrollment.json
repeat_flag,Enrollment,Enrollment & Registration,,boolean,,False,,confidential,True,False,core/resources/enrollment.json
student_ref,Enrollment,Enrollment & Registration,HELIX ID of the Student resource,string,,True,,confidential,True,False,core/resources/enrollment.json
account,ExpenseReport,Financial Operations,Map to HELIX account code.,string,,False,,internal,False,False,core/resources/expense_report.json
department,ExpenseReport,Financial Operations,Map to HELIX org code.,string,,False,,internal,False,False,core/resources/expense_report.json
employee_ref,ExpenseReport,Financial Operations,Resolve to HELIX employee_id.,string,,True,,internal,False,False,core/resources/expense_report.json
expense_type,ExpenseReport,Financial Operations,"Map: 'Airfare' → 'airfare', 'Hotel' → 'lodging', 'Meals' → 'meals', 'Mileage' → 'mileage', 'Registration' → 'registration', 'Ground Transportation' → 'ground_transport', 'Other' → 'other'.",string,,False,,internal,False,False,core/resources/expense_report.json
fund_code,ExpenseReport,Financial Operations,Map to HELIX fund code.,string,,False,,internal,False,False,core/resources/expense_report.json
grant_ref,ExpenseReport,Financial Operations,If charged to a grant. Travel on federal grants subject to Fly America Act and per diem limits.,string,,False,,internal,False,False,core/resources/expense_report.json
helix_id,ExpenseReport,Financial Operations,HELIX-assigned unique identifier for this ExpenseReport record.,string,,True,,internal,False,False,core/resources/expense_report.json
line_amount,ExpenseReport,Financial Operations,Direct map.,number,,False,,internal,False,False,core/resources/expense_report.json
line_date,ExpenseReport,Financial Operations,Cast to ISO 8601.,string,date,False,,internal,False,False,core/resources/expense_report.json
meta,ExpenseReport,Financial Operations,HELIX metadata block — present on every resource.,object,,False,,internal,False,False,core/resources/expense_report.json
meta.classification,ExpenseReport,Financial Operations,,string,,False,,internal,False,False,core/resources/expense_report.json
meta.created_at,ExpenseReport,Financial Operations,,string,date-time,False,,internal,False,False,core/resources/expense_report.json
meta.data_owner,ExpenseReport,Financial Operations,,string,,False,,internal,False,False,core/resources/expense_report.json
meta.source_system,ExpenseReport,Financial Operations,"Originating system (e.g., 'peoplesoft', 'workday', 'banner').",string,,False,,internal,False,False,core/resources/expense_report.json
meta.updated_at,ExpenseReport,Financial Operations,,string,date-time,False,,internal,False,False,core/resources/expense_report.json
meta.version,ExpenseReport,Financial Operations,,integer,,False,,internal,False,False,core/resources/expense_report.json
purpose,ExpenseReport,Financial Operations,Direct map.,string,,False,,internal,False,False,core/resources/expense_report.json
report_date,ExpenseReport,Financial Operations,Cast to ISO 8601.,string,date,False,,internal,False,False,core/resources/expense_report.json
report_id,ExpenseReport,Financial Operations,Direct map.,string,,False,,internal,False,False,core/resources/expense_report.json
report_status,ExpenseReport,Financial Operations,"Map: 'Draft' → 'draft', 'Submitted' → 'submitted', 'Approved' → 'approved', 'Paid' → 'paid', 'Returned' → 'returned'.",string,,False,helix/expense-status,internal,False,False,core/resources/expense_report.json
total_amount,ExpenseReport,Financial Operations,Direct map.,number,,False,,internal,False,False,core/resources/expense_report.json
academic_period_ref,ExperientialLearning,Outcomes,HELIX ID of the AcademicPeriod during which the experience occurred,string,,False,,confidential,True,False,core/resources/experiential_learning.json
compensation_amount,ExperientialLearning,Outcomes,,number,,False,,confidential,True,False,core/resources/experiential_learning.json
course_ref,ExperientialLearning,Outcomes,HELIX ID of the Course if credit-bearing,string,,False,,confidential,True,False,core/resources/experiential_learning.json
credit_bearing_flag,ExperientialLearning,Outcomes,,boolean,,False,,confidential,True,False,core/resources/experiential_learning.json
credit_hours,ExperientialLearning,Outcomes,,number,,False,,confidential,True,False,core/resources/experiential_learning.json
end_date,ExperientialLearning,Outcomes,,string,date,False,,confidential,True,False,core/resources/experiential_learning.json
evaluation_completed_flag,ExperientialLearning,Outcomes,,boolean,,False,,confidential,True,False,core/resources/experiential_learning.json
evaluation_rating,ExperientialLearning,Outcomes,Supervisor or faculty evaluation rating,string,,False,,confidential,True,False,core/resources/experiential_learning.json
experiential_type,ExperientialLearning,Outcomes,Type of experiential learning. Bound to HELIX terminology: helix/experiential-type,string,,True,helix/experiential-type,confidential,True,False,core/resources/experiential_learning.json
helix_id,ExperientialLearning,Outcomes,,string,uuid,True,,confidential,True,False,core/resources/experiential_learning.json
high_impact_practice_flag,ExperientialLearning,Outcomes,True if this qualifies as a NSSE High-Impact Practice,boolean,,False,,confidential,True,False,core/resources/experiential_learning.json
hours_completed,ExperientialLearning,Outcomes,,number,,False,,confidential,True,False,core/resources/experiential_learning.json
learning_objectives,ExperientialLearning,Outcomes,,string,,False,,confidential,True,False,core/resources/experiential_learning.json
location_city,ExperientialLearning,Outcomes,,string,,False,,confidential,True,False,core/resources/experiential_learning.json
location_country,ExperientialLearning,Outcomes,,string,,False,,confidential,True,False,core/resources/experiential_learning.json
location_state,ExperientialLearning,Outcomes,,string,,False,,confidential,True,False,core/resources/experiential_learning.json
meta,ExperientialLearning,Outcomes,HELIX metadata block — present on every resource,object,,False,,confidential,True,False,core/resources/experiential_learning.json
meta.classification,ExperientialLearning,Outcomes,Data classification tier per HELIX Govern,string,,False,,confidential,True,False,core/resources/experiential_learning.json
meta.created_at,ExperientialLearning,Outcomes,,string,date-time,False,,confidential,True,False,core/resources/experiential_learning.json
meta.data_owner,ExperientialLearning,Outcomes,Role or person responsible for data quality,string,,False,,confidential,True,False,core/resources/experiential_learning.json
meta.ferpa_flags,ExperientialLearning,Outcomes,"FERPA enforcement flags, applied at Bronze->Silver identity resolution and checked by every consumer before disclosure. See govern/ferpa-disclosure-framework.json.",object,,False,,confidential,True,False,core/resources/experiential_learning.json
meta.ferpa_flags.directory_restricted,ExperientialLearning,Outcomes,"True when the student has an active directory-information opt-out (from FERPARestriction.restrict_directory). When true, NO directory information may be disclosed under the 99.31(a)(11) directory exception.",boolean,,False,,confidential,True,False,core/resources/experiential_learning.json
meta.ferpa_flags.disclosure_basis_required,ExperientialLearning,Outcomes,"If true, a consumer must assert a valid 34 CFR 99.31 disclosure basis (or hold 99.30 consent) before data is returned.",boolean,,False,,confidential,True,False,core/resources/experiential_learning.json
meta.ferpa_flags.is_education_record,ExperientialLearning,Outcomes,True if this record is a FERPA education record (34 CFR 99.3).,boolean,,False,,confidential,True,False,core/resources/experiential_learning.json
meta.ferpa_flags.legitimate_interest_scope,ExperientialLearning,Outcomes,Roles/purposes pre-authorized as school officials with legitimate educational interest for this record (drives the 99.31(a)(1) check).,array,,False,,confidential,True,False,core/resources/experiential_learning.json
meta.ferpa_flags.restricted_categories,ExperientialLearning,Outcomes,Specific directory-information categories the student restricted (99.37). A field in this list must be withheld even if directory_restricted is false.,array,,False,,confidential,True,False,core/resources/experiential_learning.json
meta.ferpa_flags.study_disclosure_allowed,ExperientialLearning,Outcomes,Whether this record may be released under a 99.31(a)(6) studies agreement (typically de-identified or under a written agreement).,boolean,,False,,confidential,True,False,core/resources/experiential_learning.json
meta.source_system,ExperientialLearning,Outcomes,"Originating system (e.g., 'banner', 'peoplesoft', 'workday')",string,,False,,confidential,True,False,core/resources/experiential_learning.json
meta.updated_at,ExperientialLearning,Outcomes,,string,date-time,False,,confidential,True,False,core/resources/experiential_learning.json
meta.version,ExperientialLearning,Outcomes,Resource version number,integer,,False,,confidential,True,False,core/resources/experiential_learning.json
organization_industry,ExperientialLearning,Outcomes,,string,,False,,confidential,True,False,core/resources/experiential_learning.json
organization_name,ExperientialLearning,Outcomes,,string,,False,,confidential,True,False,core/resources/experiential_learning.json
paid_flag,ExperientialLearning,Outcomes,,boolean,,False,,confidential,True,False,core/resources/experiential_learning.json
reflection_completed_flag,ExperientialLearning,Outcomes,,boolean,,False,,confidential,True,False,core/resources/experiential_learning.json
start_date,ExperientialLearning,Outcomes,,string,date,False,,confidential,True,False,core/resources/experiential_learning.json
student_ref,ExperientialLearning,Outcomes,HELIX ID of the Student,string,,True,,confidential,True,False,core/resources/experiential_learning.json
supervisor_contact,ExperientialLearning,Outcomes,,string,,False,,confidential,True,False,core/resources/experiential_learning.json
supervisor_name,ExperientialLearning,Outcomes,,string,,False,,confidential,True,False,core/resources/experiential_learning.json
title,ExperientialLearning,Outcomes,Title of the experience or position,string,,False,,confidential,True,False,core/resources/experiential_learning.json
academic_year,FederalAidReport,Financial Aid,Aid year in YYYY-YYYY format,string,,True,,confidential,True,False,core/resources/federal_aid_report.json
cod_batch_id,FederalAidReport,Financial Aid,,string,,False,,confidential,True,False,core/resources/federal_aid_report.json
error_codes,FederalAidReport,Financial Aid,,array,,False,,confidential,True,False,core/resources/federal_aid_report.json
helix_id,FederalAidReport,Financial Aid,HELIX unique identifier,string,uuid,True,,confidential,True,False,core/resources/federal_aid_report.json
institution_id,FederalAidReport,Financial Aid,HELIX ID of the Institution,string,,True,,confidential,True,False,core/resources/federal_aid_report.json
meta,FederalAidReport,Financial Aid,HELIX metadata block — present on every resource,object,,False,,confidential,True,False,core/resources/federal_aid_report.json
meta.classification,FederalAidReport,Financial Aid,Data classification tier per HELIX Govern,string,,False,,confidential,True,False,core/resources/federal_aid_report.json
meta.created_at,FederalAidReport,Financial Aid,,string,date-time,False,,confidential,True,False,core/resources/federal_aid_report.json
meta.data_owner,FederalAidReport,Financial Aid,Role or person responsible for data quality,string,,False,,confidential,True,False,core/resources/federal_aid_report.json
meta.ferpa_flags,FederalAidReport,Financial Aid,"FERPA enforcement flags. This resource is institution-level aggregate Title IV reporting, not a student education record; is_education_record defaults to false. Individual student detail lives in the referenced student-level resources.",object,,False,,confidential,True,False,core/resources/federal_aid_report.json
meta.ferpa_flags.directory_restricted,FederalAidReport,Financial Aid,"True when the student has an active directory-information opt-out (from FERPARestriction.restrict_directory). When true, NO directory information may be disclosed under the 99.31(a)(11) directory exception.",boolean,,False,,confidential,True,False,core/resources/federal_aid_report.json
meta.ferpa_flags.disclosure_basis_required,FederalAidReport,Financial Aid,"If true, a consumer must assert a valid 34 CFR 99.31 disclosure basis (or hold 99.30 consent) before data is returned.",boolean,,False,,confidential,True,False,core/resources/federal_aid_report.json
meta.ferpa_flags.is_education_record,FederalAidReport,Financial Aid,True if this record is a FERPA education record (34 CFR 99.3).,boolean,,False,,confidential,True,False,core/resources/federal_aid_report.json
meta.ferpa_flags.legitimate_interest_scope,FederalAidReport,Financial Aid,Roles/purposes pre-authorized as school officials with legitimate educational interest for this record (drives the 99.31(a)(1) check).,array,,False,,confidential,True,False,core/resources/federal_aid_report.json
meta.ferpa_flags.restricted_categories,FederalAidReport,Financial Aid,Specific directory-information categories the student restricted (99.37). A field in this list must be withheld even if directory_restricted is false.,array,,False,,confidential,True,False,core/resources/federal_aid_report.json
meta.ferpa_flags.study_disclosure_allowed,FederalAidReport,Financial Aid,Whether this record may be released under a 99.31(a)(6) studies agreement (typically de-identified or under a written agreement).,boolean,,False,,confidential,True,False,core/resources/federal_aid_report.json
meta.source_system,FederalAidReport,Financial Aid,"Originating system (e.g., 'banner', 'peoplesoft', 'workday')",string,,False,,confidential,True,False,core/resources/federal_aid_report.json
meta.updated_at,FederalAidReport,Financial Aid,,string,date-time,False,,confidential,True,False,core/resources/federal_aid_report.json
meta.version,FederalAidReport,Financial Aid,Resource version number,integer,,False,,confidential,True,False,core/resources/federal_aid_report.json
reconciliation_status,FederalAidReport,Financial Aid,,string,,False,,confidential,True,False,core/resources/federal_aid_report.json
reconciliation_variance,FederalAidReport,Financial Aid,,number,,False,,confidential,True,False,core/resources/federal_aid_report.json
records_accepted_count,FederalAidReport,Financial Aid,,integer,,False,,confidential,True,False,core/resources/federal_aid_report.json
records_rejected_count,FederalAidReport,Financial Aid,,integer,,False,,confidential,True,False,core/resources/federal_aid_report.json
records_submitted_count,FederalAidReport,Financial Aid,,integer,,False,,confidential,True,False,core/resources/federal_aid_report.json
report_type,FederalAidReport,Financial Aid,Type of federal report,string,,True,,confidential,True,False,core/resources/federal_aid_report.json
reporting_period_end,FederalAidReport,Financial Aid,,string,date,False,,confidential,True,False,core/resources/federal_aid_report.json
reporting_period_start,FederalAidReport,Financial Aid,,string,date,False,,confidential,True,False,core/resources/federal_aid_report.json
submission_date,FederalAidReport,Financial Aid,,string,date,False,,confidential,True,False,core/resources/federal_aid_report.json
submission_status,FederalAidReport,Financial Aid,,string,,False,,confidential,True,False,core/resources/federal_aid_report.json
submitted_by,FederalAidReport,Financial Aid,,string,,False,,confidential,True,False,core/resources/federal_aid_report.json
total_dl_disbursed,FederalAidReport,Financial Aid,,number,,False,,confidential,True,False,core/resources/federal_aid_report.json
total_fseog_disbursed,FederalAidReport,Financial Aid,,number,,False,,confidential,True,False,core/resources/federal_aid_report.json
total_fws_disbursed,FederalAidReport,Financial Aid,,number,,False,,confidential,True,False,core/resources/federal_aid_report.json
total_pell_disbursed,FederalAidReport,Financial Aid,,number,,False,,confidential,True,False,core/resources/federal_aid_report.json
effective_date,FerpaRestriction,Enrollment & Registration,Date the restriction took effect.,string,date,False,,confidential,True,False,core/resources/ferpa_restriction.json
end_date,FerpaRestriction,Enrollment & Registration,Null if indefinite (most FERPA blocks persist until removed by the student).,string,date,False,,confidential,True,False,core/resources/ferpa_restriction.json
helix_id,FerpaRestriction,Enrollment & Registration,HELIX-assigned unique identifier.,string,,True,,confidential,True,False,core/resources/ferpa_restriction.json
is_active,FerpaRestriction,Enrollment & Registration,Whether the restriction is currently in effect.,boolean,,True,,confidential,True,False,core/resources/ferpa_restriction.json
meta,FerpaRestriction,Enrollment & Registration,,object,,False,,confidential,True,False,core/resources/ferpa_restriction.json
meta.classification,FerpaRestriction,Enrollment & Registration,,string,,False,,confidential,True,False,core/resources/ferpa_restriction.json
meta.ferpa_flags,FerpaRestriction,Enrollment & Registration,"FERPA enforcement flags, applied at Bronze->Silver identity resolution and checked by every consumer before disclosure. See govern/ferpa-disclosure-framework.json.",object,,False,,confidential,True,False,core/resources/ferpa_restriction.json
meta.ferpa_flags.directory_restricted,FerpaRestriction,Enrollment & Registration,"True when the student has an active directory-information opt-out (from FERPARestriction.restrict_directory). When true, NO directory information may be disclosed under the 99.31(a)(11) directory exception.",boolean,,False,,confidential,True,False,core/resources/ferpa_restriction.json
meta.ferpa_flags.disclosure_basis_required,FerpaRestriction,Enrollment & Registration,"If true, a consumer must assert a valid 34 CFR 99.31 disclosure basis (or hold 99.30 consent) before data is returned.",boolean,,False,,confidential,True,False,core/resources/ferpa_restriction.json
meta.ferpa_flags.is_education_record,FerpaRestriction,Enrollment & Registration,True if this record is a FERPA education record (34 CFR 99.3).,boolean,,False,,confidential,True,False,core/resources/ferpa_restriction.json
meta.ferpa_flags.legitimate_interest_scope,FerpaRestriction,Enrollment & Registration,Roles/purposes pre-authorized as school officials with legitimate educational interest for this record (drives the 99.31(a)(1) check).,array,,False,,confidential,True,False,core/resources/ferpa_restriction.json
meta.ferpa_flags.restricted_categories,FerpaRestriction,Enrollment & Registration,Specific directory-information categories the student restricted (99.37). A field in this list must be withheld even if directory_restricted is false.,array,,False,,confidential,True,False,core/resources/ferpa_restriction.json
meta.ferpa_flags.study_disclosure_allowed,FerpaRestriction,Enrollment & Registration,Whether this record may be released under a 99.31(a)(6) studies agreement (typically de-identified or under a written agreement).,boolean,,False,,confidential,True,False,core/resources/ferpa_restriction.json
meta.source_id,FerpaRestriction,Enrollment & Registration,,string,,False,,confidential,True,False,core/resources/ferpa_restriction.json
meta.source_system,FerpaRestriction,Enrollment & Registration,,string,,False,,confidential,True,False,core/resources/ferpa_restriction.json
meta.version,FerpaRestriction,Enrollment & Registration,,string,,False,,confidential,True,False,core/resources/ferpa_restriction.json
requested_date,FerpaRestriction,Enrollment & Registration,Date the student submitted the restriction request.,string,date,False,,confidential,True,False,core/resources/ferpa_restriction.json
restrict_directory,FerpaRestriction,Enrollment & Registration,"Master flag: if true, withhold ALL directory information.",boolean,,False,,confidential,True,False,core/resources/ferpa_restriction.json
restricted_categories,FerpaRestriction,Enrollment & Registration,Specific directory information categories restricted by the student.,array,,False,,confidential,True,False,core/resources/ferpa_restriction.json
restriction_type,FerpaRestriction,Enrollment & Registration,Full = withhold everything. Directory = withhold directory info only. Partial = specific categories.,string,,True,,confidential,True,False,core/resources/ferpa_restriction.json
student_ref,FerpaRestriction,Enrollment & Registration,Reference to the HELIX Student resource.,string,,True,,confidential,True,False,core/resources/ferpa_restriction.json
academic_period_ref,FinAidAward,Financial Aid,HELIX ID of the AcademicPeriod,string,,True,,restricted,True,True,core/resources/fin_aid_award.json
academic_year,FinAidAward,Financial Aid,Aid year in YYYY-YYYY format,string,,False,,restricted,True,True,core/resources/fin_aid_award.json
amount_accepted,FinAidAward,Financial Aid,,number,,False,,restricted,True,True,core/resources/fin_aid_award.json
amount_disbursed,FinAidAward,Financial Aid,NOTE: Actual disbursements are now modeled in the Disbursement resource; retained here for backward compatibility.,number,,False,,restricted,True,True,core/resources/fin_aid_award.json
amount_offered,FinAidAward,Financial Aid,Amount offered in local currency,number,,False,,restricted,True,True,core/resources/fin_aid_award.json
award_status,FinAidAward,Financial Aid,,string,,True,,restricted,True,True,core/resources/fin_aid_award.json
award_type,FinAidAward,Financial Aid,Bound to HELIX terminology: helix/award-type.,string,,True,helix/award-type,restricted,True,True,core/resources/fin_aid_award.json
award_year_total,FinAidAward,Financial Aid,Total award amount across all terms in the academic year,number,,False,,restricted,True,True,core/resources/fin_aid_award.json
cost_of_attendance,FinAidAward,Financial Aid,Institutional COA budget used for this award calculation NOTE: Full COA components are modeled on AidPackage; retained here for backward compatibility.,number,,False,,restricted,True,True,core/resources/fin_aid_award.json
currency,FinAidAward,Financial Aid,ISO 4217 currency code,string,,False,,restricted,True,True,core/resources/fin_aid_award.json
disbursement_date,FinAidAward,Financial Aid,,string,date,False,,restricted,True,True,core/resources/fin_aid_award.json
efc,FinAidAward,Financial Aid,"Expected Family Contribution / Student Aid Index at time of award NOTE: For 2024-25+ records, model the Student Aid Index on AidApplication (sai/efc_legacy); retained here for backward compatibility.",number,,False,,restricted,True,True,core/resources/fin_aid_award.json
fund_code,FinAidAward,Financial Aid,Institution's internal fund code,string,,False,,restricted,True,True,core/resources/fin_aid_award.json
fund_name,FinAidAward,Financial Aid,"Specific fund or program name (e.g., 'Federal Pell Grant', 'Dean's Scholarship')",string,,False,,restricted,True,True,core/resources/fin_aid_award.json
fund_source,FinAidAward,Financial Aid,Bound to HELIX terminology: helix/fund-source.,string,,True,helix/fund-source,restricted,True,True,core/resources/fin_aid_award.json
helix_id,FinAidAward,Financial Aid,,string,uuid,True,,restricted,True,True,core/resources/fin_aid_award.json
is_renewable,FinAidAward,Financial Aid,,boolean,,False,,restricted,True,True,core/resources/fin_aid_award.json
merit_based_flag,FinAidAward,Financial Aid,,boolean,,False,,restricted,True,True,core/resources/fin_aid_award.json
meta,FinAidAward,Financial Aid,HELIX metadata block — present on every resource,object,,False,,restricted,True,True,core/resources/fin_aid_award.json
meta.classification,FinAidAward,Financial Aid,Data classification tier per HELIX Govern,string,,False,,restricted,True,True,core/resources/fin_aid_award.json
meta.created_at,FinAidAward,Financial Aid,,string,date-time,False,,restricted,True,True,core/resources/fin_aid_award.json
meta.data_owner,FinAidAward,Financial Aid,Role or person responsible for data quality,string,,False,,restricted,True,True,core/resources/fin_aid_award.json
meta.ferpa_flags,FinAidAward,Financial Aid,"FERPA enforcement flags, applied at Bronze->Silver identity resolution and checked by every consumer before disclosure. See govern/ferpa-disclosure-framework.json.",object,,False,,restricted,True,True,core/resources/fin_aid_award.json
meta.ferpa_flags.directory_restricted,FinAidAward,Financial Aid,"True when the student has an active directory-information opt-out (from FERPARestriction.restrict_directory). When true, NO directory information may be disclosed under the 99.31(a)(11) directory exception.",boolean,,False,,restricted,True,True,core/resources/fin_aid_award.json
meta.ferpa_flags.disclosure_basis_required,FinAidAward,Financial Aid,"If true, a consumer must assert a valid 34 CFR 99.31 disclosure basis (or hold 99.30 consent) before data is returned.",boolean,,False,,restricted,True,True,core/resources/fin_aid_award.json
meta.ferpa_flags.is_education_record,FinAidAward,Financial Aid,True if this record is a FERPA education record (34 CFR 99.3).,boolean,,False,,restricted,True,True,core/resources/fin_aid_award.json
meta.ferpa_flags.legitimate_interest_scope,FinAidAward,Financial Aid,Roles/purposes pre-authorized as school officials with legitimate educational interest for this record (drives the 99.31(a)(1) check).,array,,False,,restricted,True,True,core/resources/fin_aid_award.json
meta.ferpa_flags.restricted_categories,FinAidAward,Financial Aid,Specific directory-information categories the student restricted (99.37). A field in this list must be withheld even if directory_restricted is false.,array,,False,,restricted,True,True,core/resources/fin_aid_award.json
meta.ferpa_flags.study_disclosure_allowed,FinAidAward,Financial Aid,Whether this record may be released under a 99.31(a)(6) studies agreement (typically de-identified or under a written agreement).,boolean,,False,,restricted,True,True,core/resources/fin_aid_award.json
meta.source_system,FinAidAward,Financial Aid,"Originating system (e.g., 'banner', 'peoplesoft', 'workday')",string,,False,,restricted,True,True,core/resources/fin_aid_award.json
meta.updated_at,FinAidAward,Financial Aid,,string,date-time,False,,restricted,True,True,core/resources/fin_aid_award.json
meta.version,FinAidAward,Financial Aid,Resource version number,integer,,False,,restricted,True,True,core/resources/fin_aid_award.json
need_based_flag,FinAidAward,Financial Aid,,boolean,,False,,restricted,True,True,core/resources/fin_aid_award.json
program_ref,FinAidAward,Financial Aid,HELIX ID of the Program this award is associated with (if program-specific),string,,False,,restricted,True,True,core/resources/fin_aid_award.json
renewal_criteria,FinAidAward,Financial Aid,"Conditions for award renewal (e.g., 'Maintain 3.0 GPA')",string,,False,,restricted,True,True,core/resources/fin_aid_award.json
satisfactory_academic_progress,FinAidAward,Financial Aid,SAP status at time of award. Federal aid requires SAP compliance. NOTE: SAP is now modeled as its own lifecycle in the SAPEvaluation resource; retained here for backward compatibility.,string,,False,,restricted,True,True,core/resources/fin_aid_award.json
student_ref,FinAidAward,Financial Aid,HELIX ID of the Student resource,string,,True,,restricted,True,True,core/resources/fin_aid_award.json
unmet_need,FinAidAward,Financial Aid,Remaining financial need after all awards NOTE: Unmet need is now computed on AidPackage; retained here for backward compatibility.,number,,False,,restricted,True,True,core/resources/fin_aid_award.json
company,FinancialOrg,Financial Operations,The legal entity / campus this cost center belongs to.,string,,False,,internal,False,False,core/resources/financial_org.json
fund_type,FinancialOrg,Financial Operations,Some institutions configure cost centers with a default fund type for budgeting.,string,,False,helix/fund-type,internal,False,False,core/resources/financial_org.json
helix_id,FinancialOrg,Financial Operations,HELIX-assigned unique identifier for this FinancialOrg record.,string,,True,,internal,False,False,core/resources/financial_org.json
is_active,FinancialOrg,Financial Operations,"Map: false → true (active), true → false (inactive).",boolean,,False,,internal,False,False,core/resources/financial_org.json
manager,FinancialOrg,Financial Operations,Resolve to name. Budget owner / department head.,string,,False,,internal,False,False,core/resources/financial_org.json
meta,FinancialOrg,Financial Operations,HELIX metadata block — present on every resource.,object,,False,,internal,False,False,core/resources/financial_org.json
meta.classification,FinancialOrg,Financial Operations,,string,,False,,internal,False,False,core/resources/financial_org.json
meta.created_at,FinancialOrg,Financial Operations,,string,date-time,False,,internal,False,False,core/resources/financial_org.json
meta.data_owner,FinancialOrg,Financial Operations,,string,,False,,internal,False,False,core/resources/financial_org.json
meta.source_system,FinancialOrg,Financial Operations,"Originating system (e.g., 'peoplesoft', 'workday', 'banner').",string,,False,,internal,False,False,core/resources/financial_org.json
meta.updated_at,FinancialOrg,Financial Operations,,string,date-time,False,,internal,False,False,core/resources/financial_org.json
meta.version,FinancialOrg,Financial Operations,,integer,,False,,internal,False,False,core/resources/financial_org.json
org_code,FinancialOrg,Financial Operations,"Direct map. E.g., 'CC-CS'.",string,,True,,internal,False,False,core/resources/financial_org.json
org_name,FinancialOrg,Financial Operations,"Direct map. E.g., 'Computer Science'.",string,,False,,internal,False,False,core/resources/financial_org.json
org_type,FinancialOrg,Financial Operations,"Top-level cost centers → 'college'/'division', mid-level → 'school', leaf → 'department'.",string,,False,,internal,False,False,core/resources/financial_org.json
parent_org,FinancialOrg,Financial Operations,Resolve parent cost center ID.,string,,False,,internal,False,False,core/resources/financial_org.json
academic_year_graduated,FirstDestinationSurvey,Outcomes,Graduation year in YYYY-YYYY format,string,,False,,confidential,True,False,core/resources/first_destination_survey.json
data_source_verified_flag,FirstDestinationSurvey,Outcomes,,boolean,,False,,confidential,True,False,core/resources/first_destination_survey.json
degree_ref,FirstDestinationSurvey,Outcomes,HELIX ID of the Degree,string,,False,,confidential,True,False,core/resources/first_destination_survey.json
helix_id,FirstDestinationSurvey,Outcomes,,string,uuid,True,,confidential,True,False,core/resources/first_destination_survey.json
knowledge_rate_included_flag,FirstDestinationSurvey,Outcomes,True if this record counts toward the NACE knowledge rate,boolean,,False,,confidential,True,False,core/resources/first_destination_survey.json
meta,FirstDestinationSurvey,Outcomes,HELIX metadata block — present on every resource,object,,False,,confidential,True,False,core/resources/first_destination_survey.json
meta.classification,FirstDestinationSurvey,Outcomes,Data classification tier per HELIX Govern,string,,False,,confidential,True,False,core/resources/first_destination_survey.json
meta.created_at,FirstDestinationSurvey,Outcomes,,string,date-time,False,,confidential,True,False,core/resources/first_destination_survey.json
meta.data_owner,FirstDestinationSurvey,Outcomes,Role or person responsible for data quality,string,,False,,confidential,True,False,core/resources/first_destination_survey.json
meta.ferpa_flags,FirstDestinationSurvey,Outcomes,"FERPA enforcement flags, applied at Bronze->Silver identity resolution and checked by every consumer before disclosure. See govern/ferpa-disclosure-framework.json.",object,,False,,confidential,True,False,core/resources/first_destination_survey.json
meta.ferpa_flags.directory_restricted,FirstDestinationSurvey,Outcomes,"True when the student has an active directory-information opt-out (from FERPARestriction.restrict_directory). When true, NO directory information may be disclosed under the 99.31(a)(11) directory exception.",boolean,,False,,confidential,True,False,core/resources/first_destination_survey.json
meta.ferpa_flags.disclosure_basis_required,FirstDestinationSurvey,Outcomes,"If true, a consumer must assert a valid 34 CFR 99.31 disclosure basis (or hold 99.30 consent) before data is returned.",boolean,,False,,confidential,True,False,core/resources/first_destination_survey.json
meta.ferpa_flags.is_education_record,FirstDestinationSurvey,Outcomes,True if this record is a FERPA education record (34 CFR 99.3).,boolean,,False,,confidential,True,False,core/resources/first_destination_survey.json
meta.ferpa_flags.legitimate_interest_scope,FirstDestinationSurvey,Outcomes,Roles/purposes pre-authorized as school officials with legitimate educational interest for this record (drives the 99.31(a)(1) check).,array,,False,,confidential,True,False,core/resources/first_destination_survey.json
meta.ferpa_flags.restricted_categories,FirstDestinationSurvey,Outcomes,Specific directory-information categories the student restricted (99.37). A field in this list must be withheld even if directory_restricted is false.,array,,False,,confidential,True,False,core/resources/first_destination_survey.json
meta.ferpa_flags.study_disclosure_allowed,FirstDestinationSurvey,Outcomes,Whether this record may be released under a 99.31(a)(6) studies agreement (typically de-identified or under a written agreement).,boolean,,False,,confidential,True,False,core/resources/first_destination_survey.json
meta.source_system,FirstDestinationSurvey,Outcomes,"Originating system (e.g., 'banner', 'peoplesoft', 'workday')",string,,False,,confidential,True,False,core/resources/first_destination_survey.json
meta.updated_at,FirstDestinationSurvey,Outcomes,,string,date-time,False,,confidential,True,False,core/resources/first_destination_survey.json
meta.version,FirstDestinationSurvey,Outcomes,Resource version number,integer,,False,,confidential,True,False,core/resources/first_destination_survey.json
military_service_flag,FirstDestinationSurvey,Outcomes,,boolean,,False,,confidential,True,False,core/resources/first_destination_survey.json
months_since_graduation,FirstDestinationSurvey,Outcomes,Months elapsed since graduation at time of measurement (6 = NACE standard),integer,,False,,confidential,True,False,core/resources/first_destination_survey.json
not_seeking_flag,FirstDestinationSurvey,Outcomes,,boolean,,False,,confidential,True,False,core/resources/first_destination_survey.json
outcome_status,FirstDestinationSurvey,Outcomes,Resulting first-destination outcome. Bound to HELIX terminology: helix/first-destination-status,string,,False,helix/first-destination-status,confidential,True,False,core/resources/first_destination_survey.json
person_ref,FirstDestinationSurvey,Outcomes,HELIX ID of the underlying Person,string,,False,,confidential,True,False,core/resources/first_destination_survey.json
primary_outcome,FirstDestinationSurvey,Outcomes,,string,,False,,confidential,True,False,core/resources/first_destination_survey.json
response_method,FirstDestinationSurvey,Outcomes,,string,,False,,confidential,True,False,core/resources/first_destination_survey.json
seeking_continuing_ed_flag,FirstDestinationSurvey,Outcomes,,boolean,,False,,confidential,True,False,core/resources/first_destination_survey.json
seeking_employment_flag,FirstDestinationSurvey,Outcomes,,boolean,,False,,confidential,True,False,core/resources/first_destination_survey.json
student_ref,FirstDestinationSurvey,Outcomes,HELIX ID of the Student,string,,True,,confidential,True,False,core/resources/first_destination_survey.json
survey_cohort,FirstDestinationSurvey,Outcomes,Graduating cohort identifier for the survey,string,,False,,confidential,True,False,core/resources/first_destination_survey.json
survey_completed_date,FirstDestinationSurvey,Outcomes,,string,date,False,,confidential,True,False,core/resources/first_destination_survey.json
survey_sent_date,FirstDestinationSurvey,Outcomes,,string,date,False,,confidential,True,False,core/resources/first_destination_survey.json
survey_status,FirstDestinationSurvey,Outcomes,Status of the survey instrument. Bound to HELIX terminology: helix/survey-status,string,,True,helix/survey-status,confidential,True,False,core/resources/first_destination_survey.json
volunteer_service_flag,FirstDestinationSurvey,Outcomes,,boolean,,False,,confidential,True,False,core/resources/first_destination_survey.json
fund_category,Fund,Financial Operations,"Map to HELIX fund categories: 'unrestricted_general', 'unrestricted_designated', 'auxiliary', 'restricted_federal', 'restricted_state', 'restricted_private', 'endowment_true', 'endowment_quasi', 'plant_unexpended', 'plant_renewal', 'plant_d",string,,False,helix/fund-type,internal,False,False,core/resources/fund.json
fund_code,Fund,Financial Operations,"Direct map. E.g., 'FD100'.",string,,True,,internal,False,False,core/resources/fund.json
fund_name,Fund,Financial Operations,"Direct map. E.g., 'General Operating'.",string,,False,,internal,False,False,core/resources/fund.json
gasb_fund_type,Fund,Financial Operations,"For public (GASB) institutions: 'current_unrestricted', 'current_restricted', 'loan', 'endowment', 'plant', 'agency'. Maps to GASB fund types for statement of net position.",string,,False,,internal,False,False,core/resources/fund.json
helix_id,Fund,Financial Operations,HELIX-assigned unique identifier for this Fund record.,string,,True,,internal,False,False,core/resources/fund.json
is_active,Fund,Financial Operations,Map.,boolean,,False,,internal,False,False,core/resources/fund.json
meta,Fund,Financial Operations,HELIX metadata block — present on every resource.,object,,False,,internal,False,False,core/resources/fund.json
meta.classification,Fund,Financial Operations,,string,,False,,internal,False,False,core/resources/fund.json
meta.created_at,Fund,Financial Operations,,string,date-time,False,,internal,False,False,core/resources/fund.json
meta.data_owner,Fund,Financial Operations,,string,,False,,internal,False,False,core/resources/fund.json
meta.source_system,Fund,Financial Operations,"Originating system (e.g., 'peoplesoft', 'workday', 'banner').",string,,False,,internal,False,False,core/resources/fund.json
meta.updated_at,Fund,Financial Operations,,string,date-time,False,,internal,False,False,core/resources/fund.json
meta.version,Fund,Financial Operations,,integer,,False,,internal,False,False,core/resources/fund.json
parent_fund,Fund,Financial Operations,Resolve parent fund ID for roll-up.,string,,False,,internal,False,False,core/resources/fund.json
restriction_type,Fund,Financial Operations,"Map: 'Without Donor Restrictions'→'unrestricted', 'With Donor Restrictions'→'restricted'. ASU 2016-14 terminology for FASB institutions. GASB institutions use fund-type-based restrictions.",string,,False,,internal,False,False,core/resources/fund.json
acknowledgment_date,Gift,Advancement,,string,date,False,,confidential,False,False,core/resources/gift.json
acknowledgment_status,Gift,Advancement,Thank-you/acknowledgment letter status,string,,False,,confidential,False,False,core/resources/gift.json
amount,Gift,Advancement,Gift amount (or fair market value for in-kind),number,,True,,confidential,False,False,core/resources/gift.json
anonymous_flag,Gift,Advancement,Donor wishes to remain anonymous for public recognition,boolean,,False,,confidential,False,False,core/resources/gift.json
appeal_code,Gift,Advancement,Solicitation/appeal that prompted the gift,string,,False,,confidential,False,False,core/resources/gift.json
campaign_ref,Gift,Advancement,HELIX ID of the Campaign resource (if gift is counted toward a campaign),string,,False,,confidential,False,False,core/resources/gift.json
constituent_ref,Gift,Advancement,HELIX ID of the Constituent resource (donor),string,,True,,confidential,False,False,core/resources/gift.json
currency,Gift,Advancement,,string,,False,,confidential,False,False,core/resources/gift.json
designation,Gift,Advancement,Where the gift is directed,object,,False,,confidential,False,False,core/resources/gift.json
designation.college_school,Gift,Advancement,,string,,False,,confidential,False,False,core/resources/gift.json
designation.department,Gift,Advancement,,string,,False,,confidential,False,False,core/resources/gift.json
designation.fund_code,Gift,Advancement,Institution's fund/designation code,string,,False,,confidential,False,False,core/resources/gift.json
designation.fund_name,Gift,Advancement,"Fund name (e.g., 'College of Engineering Dean's Fund')",string,,False,,confidential,False,False,core/resources/gift.json
designation.fund_type,Gift,Advancement,,string,,False,,confidential,False,False,core/resources/gift.json
gift_date,Gift,Advancement,Date the gift was received or pledged,string,date,True,,confidential,False,False,core/resources/gift.json
gift_number,Gift,Advancement,Institution-assigned gift/receipt number,string,,False,,confidential,False,False,core/resources/gift.json
gift_source,Gift,Advancement,,string,,False,,confidential,False,False,core/resources/gift.json
gift_type,Gift,Advancement,Type of philanthropic transaction Bound to HELIX terminology: helix/gift-type.,string,,True,helix/gift-type,confidential,False,False,core/resources/gift.json
helix_id,Gift,Advancement,,string,uuid,True,,confidential,False,False,core/resources/gift.json
institution_id,Gift,Advancement,,string,,True,,confidential,False,False,core/resources/gift.json
matching_company,Gift,Advancement,Employer name for corporate matching gifts,string,,False,,confidential,False,False,core/resources/gift.json
matching_ratio,Gift,Advancement,"Match ratio (e.g., '1:1', '2:1')",string,,False,,confidential,False,False,core/resources/gift.json
meta,Gift,Advancement,HELIX metadata block — present on every resource,object,,False,,confidential,False,False,core/resources/gift.json
meta.classification,Gift,Advancement,,string,,False,,confidential,False,False,core/resources/gift.json
meta.created_at,Gift,Advancement,,string,date-time,False,,confidential,False,False,core/resources/gift.json
meta.data_owner,Gift,Advancement,,string,,False,,confidential,False,False,core/resources/gift.json
meta.source_system,Gift,Advancement,,string,,False,,confidential,False,False,core/resources/gift.json
meta.updated_at,Gift,Advancement,,string,date-time,False,,confidential,False,False,core/resources/gift.json
meta.version,Gift,Advancement,,integer,,False,,confidential,False,False,core/resources/gift.json
payment_method,Gift,Advancement,,string,,False,,confidential,False,False,core/resources/gift.json
pledge_balance,Gift,Advancement,Remaining pledge balance (on pledge records),number,,False,,confidential,False,False,core/resources/gift.json
pledge_ref,Gift,Advancement,"If this is a pledge payment, HELIX ID of the original pledge Gift",string,,False,,confidential,False,False,core/resources/gift.json
receipt_date,Gift,Advancement,,string,date,False,,confidential,False,False,core/resources/gift.json
soft_credit_constituents,Gift,Advancement,"HELIX IDs of constituents who receive soft credit (spouse, advisor, etc.)",array,,False,,confidential,False,False,core/resources/gift.json
stewardship_actions,Gift,Advancement,,array,,False,,confidential,False,False,core/resources/gift.json
stewardship_actions[].action_type,Gift,Advancement,,string,,False,,confidential,False,False,core/resources/gift.json
stewardship_actions[].completed_by,Gift,Advancement,,string,,False,,confidential,False,False,core/resources/gift.json
stewardship_actions[].date,Gift,Advancement,,string,date,False,,confidential,False,False,core/resources/gift.json
stewardship_actions[].notes,Gift,Advancement,,string,,False,,confidential,False,False,core/resources/gift.json
tax_deductible_amount,Gift,Advancement,,number,,False,,confidential,False,False,core/resources/gift.json
account,GlTransaction,Financial Operations,"Map Workday ledger account to HELIX account code via XREF. E.g., WD '6200 - Travel' → HELIX 'EXP-TRAVEL-DOM'.",string,,False,,internal,False,False,core/resources/gl_transaction.json
account_description,GlTransaction,Financial Operations,Direct map.,string,,False,,internal,False,False,core/resources/gl_transaction.json
account_type,GlTransaction,Financial Operations,"Map: 'Asset'→'asset', 'Liability'→'liability', 'Equity'→'equity', 'Revenue'→'revenue', 'Expense'→'expense'.",string,,False,helix/account-type,internal,False,False,core/resources/gl_transaction.json
accounting_period,GlTransaction,Financial Operations,Workday fiscal periods are configurable. Standard: 12 monthly + adjustment periods.,integer,,False,,internal,False,False,core/resources/gl_transaction.json
amount,GlTransaction,Financial Operations,"Debit amounts positive, credit amounts negative. Or use Ledger_Debit_Amount / Ledger_Credit_Amount for ledger currency.",number,,False,,internal,False,False,core/resources/gl_transaction.json
business_unit,GlTransaction,Financial Operations,Workday Company = organizational entity. Map to HELIX Institution or business unit.,string,,False,,internal,False,False,core/resources/gl_transaction.json
currency,GlTransaction,Financial Operations,ISO 4217 code. Workday natively uses ISO currency codes.,string,,False,,internal,False,False,core/resources/gl_transaction.json
department,GlTransaction,Financial Operations,"Map Workday Cost Center to HELIX org code. E.g., WD 'CC-CS - Computer Science' → HELIX 'CS'.",string,,False,,internal,False,False,core/resources/gl_transaction.json
description,GlTransaction,Financial Operations,"Line-level memo, or journal-level description.",string,,False,,internal,False,False,core/resources/gl_transaction.json
fiscal_year,GlTransaction,Financial Operations,Workday uses fiscal period calendars. Derive year from the fiscal period containing the accounting date.,integer,,False,,internal,False,False,core/resources/gl_transaction.json
fund_code,GlTransaction,Financial Operations,"Map Workday Fund worktag to HELIX fund category. E.g., WD 'FD100 - General Operating' → HELIX 'unrestricted_general'.",string,,False,,internal,False,False,core/resources/gl_transaction.json
helix_id,GlTransaction,Financial Operations,HELIX-assigned unique identifier for this GLTransaction record.,string,,True,,internal,False,False,core/resources/gl_transaction.json
journal_date,GlTransaction,Financial Operations,Cast to ISO 8601.,string,date,False,,internal,False,False,core/resources/gl_transaction.json
journal_id,GlTransaction,Financial Operations,Direct map.,string,,False,,internal,False,False,core/resources/gl_transaction.json
journal_source,GlTransaction,Financial Operations,"Source of the journal: 'Manual', 'Accounts Payable', 'Accounts Receivable', 'Payroll', 'Asset Accounting', etc.",string,,False,helix/transaction-type,internal,False,False,core/resources/gl_transaction.json
journal_status,GlTransaction,Financial Operations,"Map: 'Draft'→'not_edited', 'Submitted'→'valid', 'Approved'→'valid', 'Posted'→'posted', 'Reversed'→'reversed'.",string,,False,,internal,False,False,core/resources/gl_transaction.json
ledger,GlTransaction,Financial Operations,"Direct map. Workday ledgers: 'Actuals', 'Budget', 'Encumbrance', etc.",string,,False,,internal,False,False,core/resources/gl_transaction.json
meta,GlTransaction,Financial Operations,HELIX metadata block — present on every resource.,object,,False,,internal,False,False,core/resources/gl_transaction.json
meta.classification,GlTransaction,Financial Operations,,string,,False,,internal,False,False,core/resources/gl_transaction.json
meta.created_at,GlTransaction,Financial Operations,,string,date-time,False,,internal,False,False,core/resources/gl_transaction.json
meta.data_owner,GlTransaction,Financial Operations,,string,,False,,internal,False,False,core/resources/gl_transaction.json
meta.source_system,GlTransaction,Financial Operations,"Originating system (e.g., 'peoplesoft', 'workday', 'banner').",string,,False,,internal,False,False,core/resources/gl_transaction.json
meta.updated_at,GlTransaction,Financial Operations,,string,date-time,False,,internal,False,False,core/resources/gl_transaction.json
meta.version,GlTransaction,Financial Operations,,integer,,False,,internal,False,False,core/resources/gl_transaction.json
program_code,GlTransaction,Financial Operations,"Map Workday Revenue/Spend Category to HELIX functional classification. E.g., WD 'Instruction' → HELIX 'instruction'.",string,,False,,internal,False,False,core/resources/gl_transaction.json
project_id,GlTransaction,Financial Operations,Map Workday Grant/Project worktag to HELIX project ID.,string,,False,,internal,False,False,core/resources/gl_transaction.json
transaction_id,GlTransaction,Financial Operations,Composite key.,string,,True,,internal,False,False,core/resources/gl_transaction.json
billing_type,Grant,Financial Operations,"Map: 'Cost Reimbursable' → 'cost_reimbursable', 'Fixed Price' → 'fixed_price', 'LOC' → 'letter_of_credit'.",string,,False,,internal,False,False,core/resources/grant.json
cfda_number,Grant,Financial Operations,Catalog of Federal Domestic Assistance number. Required for federal awards. Direct map.,string,,False,,internal,False,False,core/resources/grant.json
cost_sharing_amount,Grant,Financial Operations,Institutional commitment (mandatory or voluntary cost sharing).,number,,False,,internal,False,False,core/resources/grant.json
department,Grant,Financial Operations,Map to HELIX org code.,string,,False,,internal,False,False,core/resources/grant.json
direct_costs_budget,Grant,Financial Operations,Sum of direct cost budget lines.,number,,False,,internal,False,False,core/resources/grant.json
fund_code,Grant,Financial Operations,"Map to HELIX fund code. Federal grants → restricted_federal, state → restricted_state, etc.",string,,False,,internal,False,False,core/resources/grant.json
grant_id,Grant,Financial Operations,Direct map. Institution's internal grant number.,string,,True,,internal,False,False,core/resources/grant.json
grant_name,Grant,Financial Operations,Direct map.,string,,False,,internal,False,False,core/resources/grant.json
grant_status,Grant,Financial Operations,"Map: 'Proposed' → 'proposed', 'Awarded' → 'active', 'Active' → 'active', 'No-Cost Extension' → 'nce', 'Closeout' → 'closing', 'Closed' → 'closed'.",string,,False,helix/grant-status,internal,False,False,core/resources/grant.json
helix_id,Grant,Financial Operations,HELIX-assigned unique identifier for this Grant record.,string,,True,,internal,False,False,core/resources/grant.json
idc_rate,Grant,Financial Operations,"Negotiated F&A rate (e.g., 55.5% MTDC for on-campus organized research). May vary by activity type and location.",number,,False,,internal,False,False,core/resources/grant.json
indirect_costs_budget,Grant,Financial Operations,F&A/overhead. Calculated using the institution's negotiated IDC rate.,number,,False,,internal,False,False,core/resources/grant.json
meta,Grant,Financial Operations,HELIX metadata block — present on every resource.,object,,False,,internal,False,False,core/resources/grant.json
meta.classification,Grant,Financial Operations,,string,,False,,internal,False,False,core/resources/grant.json
meta.created_at,Grant,Financial Operations,,string,date-time,False,,internal,False,False,core/resources/grant.json
meta.data_owner,Grant,Financial Operations,,string,,False,,internal,False,False,core/resources/grant.json
meta.source_system,Grant,Financial Operations,"Originating system (e.g., 'peoplesoft', 'workday', 'banner').",string,,False,,internal,False,False,core/resources/grant.json
meta.updated_at,Grant,Financial Operations,,string,date-time,False,,internal,False,False,core/resources/grant.json
meta.version,Grant,Financial Operations,,integer,,False,,internal,False,False,core/resources/grant.json
principal_investigator,Grant,Financial Operations,Resolve to name. The faculty lead.,string,,False,,internal,False,False,core/resources/grant.json
project_end_date,Grant,Financial Operations,Cast to ISO 8601.,string,date,False,,internal,False,False,core/resources/grant.json
project_start_date,Grant,Financial Operations,Cast to ISO 8601.,string,date,False,,internal,False,False,core/resources/grant.json
sponsor_award_number,Grant,Financial Operations,"The sponsor's reference number (e.g., NIH grant number, NSF award number).",string,,False,,internal,False,False,core/resources/grant.json
sponsor_id,Grant,Financial Operations,Direct map.,string,,False,,internal,False,False,core/resources/grant.json
sponsor_name,Grant,Financial Operations,Direct map.,string,,False,,internal,False,False,core/resources/grant.json
sponsor_type,Grant,Financial Operations,"Map: 'Federal' → 'federal', 'State' → 'state', 'Private/Foundation' → 'private', 'Industry' → 'industry', 'Internal' → 'internal'.",string,,False,,internal,False,False,core/resources/grant.json
total_award_amount,Grant,Financial Operations,Direct map. Total sponsor commitment.,number,,False,,internal,False,False,core/resources/grant.json
total_budget,Grant,Financial Operations,Sum of direct + indirect budgets across all periods.,number,,False,,internal,False,False,core/resources/grant.json
amount_owed,Hold,Student Services,"For financial holds, the outstanding balance",number,,False,,confidential,True,False,core/resources/hold.json
currency,Hold,Student Services,,string,,False,,confidential,True,False,core/resources/hold.json
expiration_date,Hold,Student Services,Date the hold auto-expires if not released,string,date,False,,confidential,True,False,core/resources/hold.json
helix_id,Hold,Student Services,,string,uuid,True,,confidential,True,False,core/resources/hold.json
hold_code,Hold,Student Services,Institution's internal hold code,string,,False,,confidential,True,False,core/resources/hold.json
hold_status,Hold,Student Services,,string,,True,,confidential,True,False,core/resources/hold.json
hold_type,Hold,Student Services,Bound to HELIX terminology: helix/hold-type.,string,,True,helix/hold-type,confidential,True,False,core/resources/hold.json
meta,Hold,Student Services,HELIX metadata block — present on every resource,object,,False,,confidential,True,False,core/resources/hold.json
meta.classification,Hold,Student Services,,string,,False,,confidential,True,False,core/resources/hold.json
meta.created_at,Hold,Student Services,,string,date-time,False,,confidential,True,False,core/resources/hold.json
meta.data_owner,Hold,Student Services,,string,,False,,confidential,True,False,core/resources/hold.json
meta.ferpa_flags,Hold,Student Services,"FERPA enforcement flags, applied at Bronze->Silver identity resolution and checked by every consumer before disclosure. See govern/ferpa-disclosure-framework.json.",object,,False,,confidential,True,False,core/resources/hold.json
meta.ferpa_flags.directory_restricted,Hold,Student Services,"True when the student has an active directory-information opt-out (from FERPARestriction.restrict_directory). When true, NO directory information may be disclosed under the 99.31(a)(11) directory exception.",boolean,,False,,confidential,True,False,core/resources/hold.json
meta.ferpa_flags.disclosure_basis_required,Hold,Student Services,"If true, a consumer must assert a valid 34 CFR 99.31 disclosure basis (or hold 99.30 consent) before data is returned.",boolean,,False,,confidential,True,False,core/resources/hold.json
meta.ferpa_flags.is_education_record,Hold,Student Services,True if this record is a FERPA education record (34 CFR 99.3).,boolean,,False,,confidential,True,False,core/resources/hold.json
meta.ferpa_flags.legitimate_interest_scope,Hold,Student Services,Roles/purposes pre-authorized as school officials with legitimate educational interest for this record (drives the 99.31(a)(1) check).,array,,False,,confidential,True,False,core/resources/hold.json
meta.ferpa_flags.restricted_categories,Hold,Student Services,Specific directory-information categories the student restricted (99.37). A field in this list must be withheld even if directory_restricted is false.,array,,False,,confidential,True,False,core/resources/hold.json
meta.ferpa_flags.study_disclosure_allowed,Hold,Student Services,Whether this record may be released under a 99.31(a)(6) studies agreement (typically de-identified or under a written agreement).,boolean,,False,,confidential,True,False,core/resources/hold.json
meta.source_system,Hold,Student Services,,string,,False,,confidential,True,False,core/resources/hold.json
meta.updated_at,Hold,Student Services,,string,date-time,False,,confidential,True,False,core/resources/hold.json
meta.version,Hold,Student Services,Resource version number,integer,,False,,confidential,True,False,core/resources/hold.json
placed_by_office,Hold,Student Services,Office or department that placed the hold,string,,False,,confidential,True,False,core/resources/hold.json
placed_date,Hold,Student Services,,string,date,False,,confidential,True,False,core/resources/hold.json
prevents,Hold,Student Services,What actions this hold prevents,array,,False,,confidential,True,False,core/resources/hold.json
reason,Hold,Student Services,"Human-readable reason for the hold (e.g., 'Unpaid balance', 'Missing immunization records')",string,,False,,confidential,True,False,core/resources/hold.json
released_date,Hold,Student Services,,string,date,False,,confidential,True,False,core/resources/hold.json
student_ref,Hold,Student Services,,string,,True,,confidential,True,False,core/resources/hold.json
carnegie_classification,Institution,Identity,Carnegie Classification code (US institutions),string,,False,,public,False,False,core/resources/institution.json
country,Institution,Identity,,string,iso-3166-1-alpha-2,True,,public,False,False,core/resources/institution.json
erp_system,Institution,Identity,Primary SIS/ERP platform,string,,False,,public,False,False,core/resources/institution.json
helix_id,Institution,Identity,Globally unique HELIX identifier,string,uuid,True,,public,False,False,core/resources/institution.json
identifiers,Institution,Identity,"External identifiers (IPEDS UnitID, OPEID, HESA UKPRN, etc.)",array,,False,,public,False,False,core/resources/institution.json
identifiers[].system,Institution,Identity,"Identifier system (e.g., 'ipeds', 'opeid', 'ukprn')",string,,False,,public,False,False,core/resources/institution.json
identifiers[].value,Institution,Identity,,string,,False,,public,False,False,core/resources/institution.json
institution_type,Institution,Identity,,string,,True,,public,False,False,core/resources/institution.json
meta,Institution,Identity,HELIX metadata block — present on every resource,object,,False,,public,False,False,core/resources/institution.json
meta.classification,Institution,Identity,Data classification tier per HELIX Govern,string,,False,,public,False,False,core/resources/institution.json
meta.created_at,Institution,Identity,,string,date-time,False,,public,False,False,core/resources/institution.json
meta.data_owner,Institution,Identity,Role or person responsible for data quality,string,,False,,public,False,False,core/resources/institution.json
meta.source_system,Institution,Identity,"Originating system (e.g., 'banner', 'peoplesoft', 'workday')",string,,False,,public,False,False,core/resources/institution.json
meta.updated_at,Institution,Identity,,string,date-time,False,,public,False,False,core/resources/institution.json
meta.version,Institution,Identity,Resource version number,integer,,False,,public,False,False,core/resources/institution.json
name,Institution,Identity,Official institution name,string,,True,,public,False,False,core/resources/institution.json
short_name,Institution,Identity,"Common abbreviation (e.g., 'OSU', 'MIT')",string,,False,,public,False,False,core/resources/institution.json
state_province,Institution,Identity,"State, province, or region",string,,False,,public,False,False,core/resources/institution.json
timezone,Institution,Identity,"IANA timezone (e.g., 'America/New_York')",string,,False,,public,False,False,core/resources/institution.json
website,Institution,Identity,,string,uri,False,,public,False,False,core/resources/institution.json
country_of_birth,InternationalStudent,Enrollment & Registration,ISO 3166-1 alpha-2 country code.,string,,False,,restricted,True,False,core/resources/international_student.json
country_of_citizenship,InternationalStudent,Enrollment & Registration,ISO 3166-1 alpha-2 country code.,string,,True,,restricted,True,False,core/resources/international_student.json
english_proficiency_score,InternationalStudent,Enrollment & Registration,Test score (format varies by test).,string,,False,,restricted,True,False,core/resources/international_student.json
english_proficiency_test,InternationalStudent,Enrollment & Registration,English proficiency exam taken.,string,,False,,restricted,True,False,core/resources/international_student.json
helix_id,InternationalStudent,Enrollment & Registration,HELIX-assigned unique identifier.,string,,True,,restricted,True,False,core/resources/international_student.json
i20_program_end_date,InternationalStudent,Enrollment & Registration,Program completion date on I-20/DS-2019.,string,date,False,,restricted,True,False,core/resources/international_student.json
i20_program_start_date,InternationalStudent,Enrollment & Registration,Program start date on I-20 (F-1) or DS-2019 (J-1).,string,date,False,,restricted,True,False,core/resources/international_student.json
meta,InternationalStudent,Enrollment & Registration,,object,,False,,restricted,True,False,core/resources/international_student.json
meta.classification,InternationalStudent,Enrollment & Registration,,string,,False,,restricted,True,False,core/resources/international_student.json
meta.ferpa_flags,InternationalStudent,Enrollment & Registration,"FERPA enforcement flags, applied at Bronze->Silver identity resolution and checked by every consumer before disclosure. See govern/ferpa-disclosure-framework.json.",object,,False,,restricted,True,False,core/resources/international_student.json
meta.ferpa_flags.directory_restricted,InternationalStudent,Enrollment & Registration,"True when the student has an active directory-information opt-out (from FERPARestriction.restrict_directory). When true, NO directory information may be disclosed under the 99.31(a)(11) directory exception.",boolean,,False,,restricted,True,False,core/resources/international_student.json
meta.ferpa_flags.disclosure_basis_required,InternationalStudent,Enrollment & Registration,"If true, a consumer must assert a valid 34 CFR 99.31 disclosure basis (or hold 99.30 consent) before data is returned.",boolean,,False,,restricted,True,False,core/resources/international_student.json
meta.ferpa_flags.is_education_record,InternationalStudent,Enrollment & Registration,True if this record is a FERPA education record (34 CFR 99.3).,boolean,,False,,restricted,True,False,core/resources/international_student.json
meta.ferpa_flags.legitimate_interest_scope,InternationalStudent,Enrollment & Registration,Roles/purposes pre-authorized as school officials with legitimate educational interest for this record (drives the 99.31(a)(1) check).,array,,False,,restricted,True,False,core/resources/international_student.json
meta.ferpa_flags.restricted_categories,InternationalStudent,Enrollment & Registration,Specific directory-information categories the student restricted (99.37). A field in this list must be withheld even if directory_restricted is false.,array,,False,,restricted,True,False,core/resources/international_student.json
meta.ferpa_flags.study_disclosure_allowed,InternationalStudent,Enrollment & Registration,Whether this record may be released under a 99.31(a)(6) studies agreement (typically de-identified or under a written agreement).,boolean,,False,,restricted,True,False,core/resources/international_student.json
meta.source_id,InternationalStudent,Enrollment & Registration,,string,,False,,restricted,True,False,core/resources/international_student.json
meta.source_system,InternationalStudent,Enrollment & Registration,,string,,False,,restricted,True,False,core/resources/international_student.json
meta.version,InternationalStudent,Enrollment & Registration,,string,,False,,restricted,True,False,core/resources/international_student.json
sevis_id,InternationalStudent,Enrollment & Registration,"SEVIS N-number (e.g., N0012345678). Restricted.",string,,False,,restricted,True,False,core/resources/international_student.json
sevis_status,InternationalStudent,Enrollment & Registration,SEVIS record status.,string,,False,,restricted,True,False,core/resources/international_student.json
sponsor,InternationalStudent,Enrollment & Registration,Sponsoring organization (for J-1) or government sponsor.,string,,False,,restricted,True,False,core/resources/international_student.json
student_ref,InternationalStudent,Enrollment & Registration,Reference to the HELIX Student resource.,string,,True,,restricted,True,False,core/resources/international_student.json
visa_expiry_date,InternationalStudent,Enrollment & Registration,,string,date,False,,restricted,True,False,core/resources/international_student.json
visa_issue_date,InternationalStudent,Enrollment & Registration,,string,date,False,,restricted,True,False,core/resources/international_student.json
visa_status,InternationalStudent,Enrollment & Registration,Current visa status.,string,,False,,restricted,True,False,core/resources/international_student.json
visa_type,InternationalStudent,Enrollment & Registration,Visa/immigration classification.,string,,True,,restricted,True,False,core/resources/international_student.json
work_auth_end_date,InternationalStudent,Enrollment & Registration,,string,date,False,,restricted,True,False,core/resources/international_student.json
work_auth_start_date,InternationalStudent,Enrollment & Registration,,string,date,False,,restricted,True,False,core/resources/international_student.json
work_authorization,InternationalStudent,Enrollment & Registration,Current work authorization type.,string,,False,,restricted,True,False,core/resources/international_student.json
academic_rank,JobClassification,Human Resources,"Map: 'Distinguished Professor' → 'distinguished', 'Professor' → 'professor', 'Associate Professor' → 'associate', 'Assistant Professor' → 'assistant', 'Senior Lecturer' → 'senior_lecturer', 'Lecturer' → 'lecturer', 'Instructor' → 'instructo",string,,False,helix/faculty-rank,internal,False,False,core/resources/job_classification.json
cip_code,JobClassification,Human Resources,"Classification of Instructional Programs code. Relevant for faculty to link to academic discipline. E.g., '11.0101' for Computer Science.",string,,False,,internal,False,False,core/resources/job_classification.json
eeo_category,JobClassification,Human Resources,"Map to IPEDS/EEO categories: 'Executive/Admin/Managerial', 'Faculty', 'Other Professional', 'Technical/Paraprofessional', 'Clerical/Secretarial', 'Skilled Crafts', 'Service/Maintenance'.",string,,False,helix/eeo-category,internal,False,False,core/resources/job_classification.json
faculty_status,JobClassification,Human Resources,"Map: 'Full-Time' → 'full_time', 'Part-Time/Adjunct' → 'adjunct', 'Emeritus' → 'emeritus', 'On Leave' → 'on_leave', 'Visiting' → 'visiting'.",string,,False,,internal,False,False,core/resources/job_classification.json
flsa_status,JobClassification,Human Resources,"Map: true → 'exempt', false → 'non_exempt'. Faculty are typically exempt.",string,,False,helix/flsa-status,internal,False,False,core/resources/job_classification.json
helix_id,JobClassification,Human Resources,HELIX-assigned unique identifier for this JobClassification record.,string,,True,,internal,False,False,core/resources/job_classification.json
ipeds_faculty_category,JobClassification,Human Resources,"For IPEDS HR survey: 'Tenured', 'On Tenure Track', 'Not on Tenure Track/Multi-Year Contract', 'Not on Tenure Track/Annual Contract', 'Not on Tenure Track/Less Than Annual'. Cross-reference with FTE and function.",string,,False,,internal,False,False,core/resources/job_classification.json
job_code,JobClassification,Human Resources,Direct map. The institution's job code.,string,,True,,internal,False,False,core/resources/job_classification.json
job_family,JobClassification,Human Resources,"Direct map. E.g., 'Faculty - Engineering'.",string,,False,,internal,False,False,core/resources/job_classification.json
job_family_group,JobClassification,Human Resources,"Higher-level grouping. E.g., 'Academic', 'Administrative', 'Facilities'.",string,,False,,internal,False,False,core/resources/job_classification.json
job_title,JobClassification,Human Resources,"Direct map. E.g., 'Professor of Computer Science'.",string,,False,,internal,False,False,core/resources/job_classification.json
meta,JobClassification,Human Resources,HELIX metadata block — present on every resource.,object,,False,,internal,False,False,core/resources/job_classification.json
meta.classification,JobClassification,Human Resources,,string,,False,,internal,False,False,core/resources/job_classification.json
meta.created_at,JobClassification,Human Resources,,string,date-time,False,,internal,False,False,core/resources/job_classification.json
meta.data_owner,JobClassification,Human Resources,,string,,False,,internal,False,False,core/resources/job_classification.json
meta.source_system,JobClassification,Human Resources,"Originating system (e.g., 'peoplesoft', 'workday', 'banner').",string,,False,,internal,False,False,core/resources/job_classification.json
meta.updated_at,JobClassification,Human Resources,,string,date-time,False,,internal,False,False,core/resources/job_classification.json
meta.version,JobClassification,Human Resources,,integer,,False,,internal,False,False,core/resources/job_classification.json
soc_code,JobClassification,Human Resources,"Standard Occupational Classification code. E.g., '25-1021' for CS professors.",string,,False,,internal,False,False,core/resources/job_classification.json
tenure_date,JobClassification,Human Resources,Date tenure was granted. Null if not tenured. Cast to ISO 8601.,string,date,False,,internal,False,False,core/resources/job_classification.json
tenure_status,JobClassification,Human Resources,"Map: 'Tenured' → 'tenured', 'Tenure Track' → 'tenure_track', 'Non-Tenure Track' → 'ntt', 'Not Applicable' → 'n/a'.",string,,False,helix/tenure-status,internal,False,False,core/resources/job_classification.json
academic_period_ref,LearningOutcome,Outcomes,HELIX ID of the AcademicPeriod,string,,False,,confidential,True,False,core/resources/learning_outcome.json
achievement_level,LearningOutcome,Outcomes,Level of attainment demonstrated. Bound to HELIX terminology: helix/achievement-level,string,,False,helix/achievement-level,confidential,True,False,core/resources/learning_outcome.json
assessment_date,LearningOutcome,Outcomes,,string,date,False,,confidential,True,False,core/resources/learning_outcome.json
assessment_instrument,LearningOutcome,Outcomes,,string,,False,,confidential,True,False,core/resources/learning_outcome.json
assessment_method,LearningOutcome,Outcomes,,string,,False,,confidential,True,False,core/resources/learning_outcome.json
assessor_ref,LearningOutcome,Outcomes,HELIX ID of the Employee/faculty who assessed,string,,False,,confidential,True,False,core/resources/learning_outcome.json
competency_framework,LearningOutcome,Outcomes,"Framework the competency belongs to (e.g., AAC&U VALUE, institutional gen-ed)",string,,False,,confidential,True,False,core/resources/learning_outcome.json
competency_name,LearningOutcome,Outcomes,,string,,False,,confidential,True,False,core/resources/learning_outcome.json
course_ref,LearningOutcome,Outcomes,HELIX ID of the Course (if course-level outcome),string,,False,,confidential,True,False,core/resources/learning_outcome.json
helix_id,LearningOutcome,Outcomes,,string,uuid,True,,confidential,True,False,core/resources/learning_outcome.json
institutional_outcome_reference,LearningOutcome,Outcomes,Institutional learning outcome identifier,string,,False,,confidential,True,False,core/resources/learning_outcome.json
max_score,LearningOutcome,Outcomes,,number,,False,,confidential,True,False,core/resources/learning_outcome.json
met_expectations_flag,LearningOutcome,Outcomes,,boolean,,False,,confidential,True,False,core/resources/learning_outcome.json
meta,LearningOutcome,Outcomes,HELIX metadata block — present on every resource,object,,False,,confidential,True,False,core/resources/learning_outcome.json
meta.classification,LearningOutcome,Outcomes,Data classification tier per HELIX Govern,string,,False,,confidential,True,False,core/resources/learning_outcome.json
meta.created_at,LearningOutcome,Outcomes,,string,date-time,False,,confidential,True,False,core/resources/learning_outcome.json
meta.data_owner,LearningOutcome,Outcomes,Role or person responsible for data quality,string,,False,,confidential,True,False,core/resources/learning_outcome.json
meta.ferpa_flags,LearningOutcome,Outcomes,"FERPA enforcement flags, applied at Bronze->Silver identity resolution and checked by every consumer before disclosure. See govern/ferpa-disclosure-framework.json.",object,,False,,confidential,True,False,core/resources/learning_outcome.json
meta.ferpa_flags.directory_restricted,LearningOutcome,Outcomes,"True when the student has an active directory-information opt-out (from FERPARestriction.restrict_directory). When true, NO directory information may be disclosed under the 99.31(a)(11) directory exception.",boolean,,False,,confidential,True,False,core/resources/learning_outcome.json
meta.ferpa_flags.disclosure_basis_required,LearningOutcome,Outcomes,"If true, a consumer must assert a valid 34 CFR 99.31 disclosure basis (or hold 99.30 consent) before data is returned.",boolean,,False,,confidential,True,False,core/resources/learning_outcome.json
meta.ferpa_flags.is_education_record,LearningOutcome,Outcomes,True if this record is a FERPA education record (34 CFR 99.3).,boolean,,False,,confidential,True,False,core/resources/learning_outcome.json
meta.ferpa_flags.legitimate_interest_scope,LearningOutcome,Outcomes,Roles/purposes pre-authorized as school officials with legitimate educational interest for this record (drives the 99.31(a)(1) check).,array,,False,,confidential,True,False,core/resources/learning_outcome.json
meta.ferpa_flags.restricted_categories,LearningOutcome,Outcomes,Specific directory-information categories the student restricted (99.37). A field in this list must be withheld even if directory_restricted is false.,array,,False,,confidential,True,False,core/resources/learning_outcome.json
meta.ferpa_flags.study_disclosure_allowed,LearningOutcome,Outcomes,Whether this record may be released under a 99.31(a)(6) studies agreement (typically de-identified or under a written agreement).,boolean,,False,,confidential,True,False,core/resources/learning_outcome.json
meta.source_system,LearningOutcome,Outcomes,"Originating system (e.g., 'banner', 'peoplesoft', 'workday')",string,,False,,confidential,True,False,core/resources/learning_outcome.json
meta.updated_at,LearningOutcome,Outcomes,,string,date-time,False,,confidential,True,False,core/resources/learning_outcome.json
meta.version,LearningOutcome,Outcomes,Resource version number,integer,,False,,confidential,True,False,core/resources/learning_outcome.json
outcome_statement,LearningOutcome,Outcomes,The learning outcome statement being assessed,string,,False,,confidential,True,False,core/resources/learning_outcome.json
outcome_type,LearningOutcome,Outcomes,Type/level of the learning outcome. Bound to HELIX terminology: helix/outcome-type,string,,True,helix/outcome-type,confidential,True,False,core/resources/learning_outcome.json
plo_reference,LearningOutcome,Outcomes,Program Learning Outcome identifier,string,,False,,confidential,True,False,core/resources/learning_outcome.json
program_ref,LearningOutcome,Outcomes,HELIX ID of the Program,string,,False,,confidential,True,False,core/resources/learning_outcome.json
score,LearningOutcome,Outcomes,,number,,False,,confidential,True,False,core/resources/learning_outcome.json
student_ref,LearningOutcome,Outcomes,HELIX ID of the Student,string,,True,,confidential,True,False,core/resources/learning_outcome.json
completion_date,LearningRecord,Human Resources,Cast to ISO 8601. Null if not completed.,string,date,False,,internal,False,False,core/resources/learning_record.json
course_id,LearningRecord,Human Resources,Direct map.,string,,False,,internal,False,False,core/resources/learning_record.json
course_title,LearningRecord,Human Resources,Direct map.,string,,False,,internal,False,False,core/resources/learning_record.json
course_type,LearningRecord,Human Resources,"Map: 'Compliance' → 'compliance', 'Professional Development' → 'professional_dev', 'Safety' → 'safety', 'Onboarding' → 'onboarding', 'Technical' → 'technical', 'Leadership' → 'leadership'.",string,,False,helix/learning-type,internal,False,False,core/resources/learning_record.json
delivery_method,LearningRecord,Human Resources,"Map: 'Online Self-Paced' → 'online_async', 'Virtual Instructor-Led' → 'online_sync', 'In Person' → 'in_person', 'Blended' → 'blended'.",string,,False,,internal,False,False,core/resources/learning_record.json
due_date,LearningRecord,Human Resources,For mandatory training: compliance deadline.,string,date,False,,internal,False,False,core/resources/learning_record.json
employee_ref,LearningRecord,Human Resources,Link to HELIX employee_id.,string,,True,,internal,False,False,core/resources/learning_record.json
enrollment_date,LearningRecord,Human Resources,Cast to ISO 8601.,string,date,False,,internal,False,False,core/resources/learning_record.json
helix_id,LearningRecord,Human Resources,HELIX-assigned unique identifier for this LearningRecord record.,string,,True,,internal,False,False,core/resources/learning_record.json
meta,LearningRecord,Human Resources,HELIX metadata block — present on every resource.,object,,False,,internal,False,False,core/resources/learning_record.json
meta.classification,LearningRecord,Human Resources,,string,,False,,internal,False,False,core/resources/learning_record.json
meta.created_at,LearningRecord,Human Resources,,string,date-time,False,,internal,False,False,core/resources/learning_record.json
meta.data_owner,LearningRecord,Human Resources,,string,,False,,internal,False,False,core/resources/learning_record.json
meta.source_system,LearningRecord,Human Resources,"Originating system (e.g., 'peoplesoft', 'workday', 'banner').",string,,False,,internal,False,False,core/resources/learning_record.json
meta.updated_at,LearningRecord,Human Resources,,string,date-time,False,,internal,False,False,core/resources/learning_record.json
meta.version,LearningRecord,Human Resources,,integer,,False,,internal,False,False,core/resources/learning_record.json
required,LearningRecord,Human Resources,Boolean. Whether this is a mandatory assignment.,boolean,,False,,internal,False,False,core/resources/learning_record.json
score,LearningRecord,Human Resources,Direct map. Assessment score if applicable.,number,,False,,internal,False,False,core/resources/learning_record.json
status,LearningRecord,Human Resources,"Map: 'Enrolled' → 'enrolled', 'In Progress' → 'in_progress', 'Completed' → 'completed', 'Waived' → 'waived', 'Not Started' → 'not_started'.",string,,False,,internal,False,False,core/resources/learning_record.json
attempt_number,Licensure,Outcomes,,integer,,False,,confidential,True,False,core/resources/licensure.json
credential_name,Licensure,Outcomes,The credential or license granted upon passing,string,,False,,confidential,True,False,core/resources/licensure.json
degree_ref,Licensure,Outcomes,HELIX ID of the associated Degree,string,,False,,confidential,True,False,core/resources/licensure.json
exam_date,Licensure,Outcomes,,string,date,False,,confidential,True,False,core/resources/licensure.json
exam_name,Licensure,Outcomes,,string,,False,,confidential,True,False,core/resources/licensure.json
first_time_pass_flag,Licensure,Outcomes,True if passed on first attempt (key accreditation metric),boolean,,False,,confidential,True,False,core/resources/licensure.json
helix_id,Licensure,Outcomes,,string,uuid,True,,confidential,True,False,core/resources/licensure.json
license_expiration_date,Licensure,Outcomes,,string,date,False,,confidential,True,False,core/resources/licensure.json
license_issue_date,Licensure,Outcomes,,string,date,False,,confidential,True,False,core/resources/licensure.json
license_number,Licensure,Outcomes,,string,,False,,confidential,True,False,core/resources/licensure.json
license_state,Licensure,Outcomes,,string,,False,,confidential,True,False,core/resources/licensure.json
licensing_body,Licensure,Outcomes,,string,,False,,confidential,True,False,core/resources/licensure.json
licensure_result,Licensure,Outcomes,Exam result. Bound to HELIX terminology: helix/licensure-result,string,,True,helix/licensure-result,confidential,True,False,core/resources/licensure.json
licensure_type,Licensure,Outcomes,Category of licensure/certification exam. Bound to HELIX terminology: helix/licensure-type,string,,True,helix/licensure-type,confidential,True,False,core/resources/licensure.json
meta,Licensure,Outcomes,HELIX metadata block — present on every resource,object,,False,,confidential,True,False,core/resources/licensure.json
meta.classification,Licensure,Outcomes,Data classification tier per HELIX Govern,string,,False,,confidential,True,False,core/resources/licensure.json
meta.created_at,Licensure,Outcomes,,string,date-time,False,,confidential,True,False,core/resources/licensure.json
meta.data_owner,Licensure,Outcomes,Role or person responsible for data quality,string,,False,,confidential,True,False,core/resources/licensure.json
meta.ferpa_flags,Licensure,Outcomes,"FERPA enforcement flags, applied at Bronze->Silver identity resolution and checked by every consumer before disclosure. See govern/ferpa-disclosure-framework.json.",object,,False,,confidential,True,False,core/resources/licensure.json
meta.ferpa_flags.directory_restricted,Licensure,Outcomes,"True when the student has an active directory-information opt-out (from FERPARestriction.restrict_directory). When true, NO directory information may be disclosed under the 99.31(a)(11) directory exception.",boolean,,False,,confidential,True,False,core/resources/licensure.json
meta.ferpa_flags.disclosure_basis_required,Licensure,Outcomes,"If true, a consumer must assert a valid 34 CFR 99.31 disclosure basis (or hold 99.30 consent) before data is returned.",boolean,,False,,confidential,True,False,core/resources/licensure.json
meta.ferpa_flags.is_education_record,Licensure,Outcomes,True if this record is a FERPA education record (34 CFR 99.3).,boolean,,False,,confidential,True,False,core/resources/licensure.json
meta.ferpa_flags.legitimate_interest_scope,Licensure,Outcomes,Roles/purposes pre-authorized as school officials with legitimate educational interest for this record (drives the 99.31(a)(1) check).,array,,False,,confidential,True,False,core/resources/licensure.json
meta.ferpa_flags.restricted_categories,Licensure,Outcomes,Specific directory-information categories the student restricted (99.37). A field in this list must be withheld even if directory_restricted is false.,array,,False,,confidential,True,False,core/resources/licensure.json
meta.ferpa_flags.study_disclosure_allowed,Licensure,Outcomes,Whether this record may be released under a 99.31(a)(6) studies agreement (typically de-identified or under a written agreement).,boolean,,False,,confidential,True,False,core/resources/licensure.json
meta.source_system,Licensure,Outcomes,"Originating system (e.g., 'banner', 'peoplesoft', 'workday')",string,,False,,confidential,True,False,core/resources/licensure.json
meta.updated_at,Licensure,Outcomes,,string,date-time,False,,confidential,True,False,core/resources/licensure.json
meta.version,Licensure,Outcomes,Resource version number,integer,,False,,confidential,True,False,core/resources/licensure.json
passing_score,Licensure,Outcomes,,number,,False,,confidential,True,False,core/resources/licensure.json
person_ref,Licensure,Outcomes,HELIX ID of the underlying Person,string,,False,,confidential,True,False,core/resources/licensure.json
program_pass_rate_cohort,Licensure,Outcomes,Cohort/year for program pass-rate aggregation,string,,False,,confidential,True,False,core/resources/licensure.json
program_ref,Licensure,Outcomes,HELIX ID of the Program preparing the student for licensure,string,,False,,confidential,True,False,core/resources/licensure.json
scaled_score,Licensure,Outcomes,,number,,False,,confidential,True,False,core/resources/licensure.json
score,Licensure,Outcomes,,number,,False,,confidential,True,False,core/resources/licensure.json
student_ref,Licensure,Outcomes,HELIX ID of the Student,string,,True,,confidential,True,False,core/resources/licensure.json
academic_year,LoanRecord,Financial Aid,Aid year in YYYY-YYYY format,string,,True,,restricted,True,True,core/resources/loan_record.json
aggregate_loan_limit_check_flag,LoanRecord,Financial Aid,,boolean,,False,,restricted,True,True,core/resources/loan_record.json
annual_loan_limit_check_flag,LoanRecord,Financial Aid,,boolean,,False,,restricted,True,True,core/resources/loan_record.json
cod_loan_id,LoanRecord,Financial Aid,COD award/loan ID.,string,,False,,restricted,True,True,core/resources/loan_record.json
dependency_at_origination,LoanRecord,Financial Aid,,string,,False,,restricted,True,True,core/resources/loan_record.json
entrance_counseling_date,LoanRecord,Financial Aid,,string,date,False,,restricted,True,True,core/resources/loan_record.json
entrance_counseling_flag,LoanRecord,Financial Aid,,boolean,,False,,restricted,True,True,core/resources/loan_record.json
exit_counseling_date,LoanRecord,Financial Aid,,string,date,False,,restricted,True,True,core/resources/loan_record.json
exit_counseling_flag,LoanRecord,Financial Aid,,boolean,,False,,restricted,True,True,core/resources/loan_record.json
grade_level,LoanRecord,Financial Aid,Grade level for annual loan limit determination.,string,,False,,restricted,True,True,core/resources/loan_record.json
gross_loan_amount,LoanRecord,Financial Aid,,number,,False,,restricted,True,True,core/resources/loan_record.json
helix_id,LoanRecord,Financial Aid,HELIX unique identifier,string,uuid,True,,restricted,True,True,core/resources/loan_record.json
interest_rate,LoanRecord,Financial Aid,Fixed interest rate (percentage).,number,,False,,restricted,True,True,core/resources/loan_record.json
loan_disbursement_count,LoanRecord,Financial Aid,,integer,,False,,restricted,True,True,core/resources/loan_record.json
loan_period_end,LoanRecord,Financial Aid,,string,date,False,,restricted,True,True,core/resources/loan_record.json
loan_period_start,LoanRecord,Financial Aid,,string,date,False,,restricted,True,True,core/resources/loan_record.json
loan_status,LoanRecord,Financial Aid,Bound to helix/loan-status.,string,,True,helix/loan-status,restricted,True,True,core/resources/loan_record.json
loan_type,LoanRecord,Financial Aid,Bound to helix/loan-type.,string,,True,helix/loan-type,restricted,True,True,core/resources/loan_record.json
meta,LoanRecord,Financial Aid,HELIX metadata block — present on every resource,object,,False,,restricted,True,True,core/resources/loan_record.json
meta.classification,LoanRecord,Financial Aid,Data classification tier per HELIX Govern,string,,False,,restricted,True,True,core/resources/loan_record.json
meta.created_at,LoanRecord,Financial Aid,,string,date-time,False,,restricted,True,True,core/resources/loan_record.json
meta.data_owner,LoanRecord,Financial Aid,Role or person responsible for data quality,string,,False,,restricted,True,True,core/resources/loan_record.json
meta.ferpa_flags,LoanRecord,Financial Aid,"FERPA enforcement flags, applied at Bronze->Silver identity resolution and checked by every consumer before disclosure. See govern/ferpa-disclosure-framework.json.",object,,False,,restricted,True,True,core/resources/loan_record.json
meta.ferpa_flags.directory_restricted,LoanRecord,Financial Aid,"True when the student has an active directory-information opt-out (from FERPARestriction.restrict_directory). When true, NO directory information may be disclosed under the 99.31(a)(11) directory exception.",boolean,,False,,restricted,True,True,core/resources/loan_record.json
meta.ferpa_flags.disclosure_basis_required,LoanRecord,Financial Aid,"If true, a consumer must assert a valid 34 CFR 99.31 disclosure basis (or hold 99.30 consent) before data is returned.",boolean,,False,,restricted,True,True,core/resources/loan_record.json
meta.ferpa_flags.is_education_record,LoanRecord,Financial Aid,True if this record is a FERPA education record (34 CFR 99.3).,boolean,,False,,restricted,True,True,core/resources/loan_record.json
meta.ferpa_flags.legitimate_interest_scope,LoanRecord,Financial Aid,Roles/purposes pre-authorized as school officials with legitimate educational interest for this record (drives the 99.31(a)(1) check).,array,,False,,restricted,True,True,core/resources/loan_record.json
meta.ferpa_flags.restricted_categories,LoanRecord,Financial Aid,Specific directory-information categories the student restricted (99.37). A field in this list must be withheld even if directory_restricted is false.,array,,False,,restricted,True,True,core/resources/loan_record.json
meta.ferpa_flags.study_disclosure_allowed,LoanRecord,Financial Aid,Whether this record may be released under a 99.31(a)(6) studies agreement (typically de-identified or under a written agreement).,boolean,,False,,restricted,True,True,core/resources/loan_record.json
meta.source_system,LoanRecord,Financial Aid,"Originating system (e.g., 'banner', 'peoplesoft', 'workday')",string,,False,,restricted,True,True,core/resources/loan_record.json
meta.updated_at,LoanRecord,Financial Aid,,string,date-time,False,,restricted,True,True,core/resources/loan_record.json
meta.version,LoanRecord,Financial Aid,Resource version number,integer,,False,,restricted,True,True,core/resources/loan_record.json
mpn_date,LoanRecord,Financial Aid,,string,date,False,,restricted,True,True,core/resources/loan_record.json
mpn_expiration_date,LoanRecord,Financial Aid,,string,date,False,,restricted,True,True,core/resources/loan_record.json
mpn_flag,LoanRecord,Financial Aid,Master Promissory Note signed.,boolean,,False,,restricted,True,True,core/resources/loan_record.json
net_loan_amount,LoanRecord,Financial Aid,,number,,False,,restricted,True,True,core/resources/loan_record.json
origination_fee,LoanRecord,Financial Aid,,number,,False,,restricted,True,True,core/resources/loan_record.json
servicer_name,LoanRecord,Financial Aid,,string,,False,,restricted,True,True,core/resources/loan_record.json
student_ref,LoanRecord,Financial Aid,HELIX ID of the Student,string,,True,,restricted,True,True,core/resources/loan_record.json
subsidized_flag,LoanRecord,Financial Aid,,boolean,,False,,restricted,True,True,core/resources/loan_record.json
benefit_deductions,PayrollResult,Human Resources,Employee benefit premium contributions.,number,,False,,restricted,False,False,core/resources/payroll_result.json
cost_center,PayrollResult,Human Resources,Map to HELIX org code. Where the labor cost is charged.,string,,False,,restricted,False,False,core/resources/payroll_result.json
employee_ref,PayrollResult,Human Resources,Link to HELIX employee_id.,string,,True,,restricted,False,False,core/resources/payroll_result.json
fund_code,PayrollResult,Human Resources,Map to HELIX fund code. Grant-funded positions → restricted fund.,string,,False,,restricted,False,False,core/resources/payroll_result.json
grant_ref,PayrollResult,Human Resources,If labor is charged to a grant.,string,,False,,restricted,False,False,core/resources/payroll_result.json
gross_pay,PayrollResult,Human Resources,Direct map. Sum of all earnings.,number,,False,,restricted,False,False,core/resources/payroll_result.json
helix_id,PayrollResult,Human Resources,HELIX-assigned unique identifier for this PayrollResult record.,string,,True,,restricted,False,False,core/resources/payroll_result.json
meta,PayrollResult,Human Resources,HELIX metadata block — present on every resource.,object,,False,,restricted,False,False,core/resources/payroll_result.json
meta.classification,PayrollResult,Human Resources,,string,,False,,restricted,False,False,core/resources/payroll_result.json
meta.created_at,PayrollResult,Human Resources,,string,date-time,False,,restricted,False,False,core/resources/payroll_result.json
meta.data_owner,PayrollResult,Human Resources,,string,,False,,restricted,False,False,core/resources/payroll_result.json
meta.source_system,PayrollResult,Human Resources,"Originating system (e.g., 'peoplesoft', 'workday', 'banner').",string,,False,,restricted,False,False,core/resources/payroll_result.json
meta.updated_at,PayrollResult,Human Resources,,string,date-time,False,,restricted,False,False,core/resources/payroll_result.json
meta.version,PayrollResult,Human Resources,,integer,,False,,restricted,False,False,core/resources/payroll_result.json
net_pay,PayrollResult,Human Resources,Gross - taxes - deductions.,number,,False,,restricted,False,False,core/resources/payroll_result.json
overtime_earnings,PayrollResult,Human Resources,OT earnings (non-exempt employees only).,number,,False,,restricted,False,False,core/resources/payroll_result.json
pay_date,PayrollResult,Human Resources,Cast to ISO 8601.,string,date,False,,restricted,False,False,core/resources/payroll_result.json
pay_period_end,PayrollResult,Human Resources,Cast to ISO 8601.,string,date,False,,restricted,False,False,core/resources/payroll_result.json
pay_period_start,PayrollResult,Human Resources,Cast to ISO 8601.,string,date,False,,restricted,False,False,core/resources/payroll_result.json
regular_earnings,PayrollResult,Human Resources,Base pay earnings for the period.,number,,False,,restricted,False,False,core/resources/payroll_result.json
retirement_deduction,PayrollResult,Human Resources,"403(b), 457(b), state pension employee contribution.",number,,False,,restricted,False,False,core/resources/payroll_result.json
supplemental_earnings,PayrollResult,Human Resources,Additional earnings beyond regular pay.,number,,False,,restricted,False,False,core/resources/payroll_result.json
total_deductions,PayrollResult,Human Resources,Benefits + retirement + garnishments + other pre/post-tax deductions.,number,,False,,restricted,False,False,core/resources/payroll_result.json
total_taxes,PayrollResult,Human Resources,Federal + state + local + FICA.,number,,False,,restricted,False,False,core/resources/payroll_result.json
employee_ref,PerformanceReview,Human Resources,Link to HELIX employee_id.,string,,True,,restricted,False,False,core/resources/performance_review.json
flight_risk,PerformanceReview,Human Resources,"Map: 'High' → 'high', 'Medium' → 'medium', 'Low' → 'low'.",string,,False,,restricted,False,False,core/resources/performance_review.json
goals_achieved,PerformanceReview,Human Resources,Number of goals met.,integer,,False,,restricted,False,False,core/resources/performance_review.json
goals_count,PerformanceReview,Human Resources,Number of goals.,integer,,False,,restricted,False,False,core/resources/performance_review.json
helix_id,PerformanceReview,Human Resources,HELIX-assigned unique identifier for this PerformanceReview record.,string,,True,,restricted,False,False,core/resources/performance_review.json
meta,PerformanceReview,Human Resources,HELIX metadata block — present on every resource.,object,,False,,restricted,False,False,core/resources/performance_review.json
meta.classification,PerformanceReview,Human Resources,,string,,False,,restricted,False,False,core/resources/performance_review.json
meta.created_at,PerformanceReview,Human Resources,,string,date-time,False,,restricted,False,False,core/resources/performance_review.json
meta.data_owner,PerformanceReview,Human Resources,,string,,False,,restricted,False,False,core/resources/performance_review.json
meta.source_system,PerformanceReview,Human Resources,"Originating system (e.g., 'peoplesoft', 'workday', 'banner').",string,,False,,restricted,False,False,core/resources/performance_review.json
meta.updated_at,PerformanceReview,Human Resources,,string,date-time,False,,restricted,False,False,core/resources/performance_review.json
meta.version,PerformanceReview,Human Resources,,integer,,False,,restricted,False,False,core/resources/performance_review.json
nine_box_performance,PerformanceReview,Human Resources,Low/Medium/High on the performance axis.,string,,False,,restricted,False,False,core/resources/performance_review.json
nine_box_potential,PerformanceReview,Human Resources,Low/Medium/High on the potential axis.,string,,False,,restricted,False,False,core/resources/performance_review.json
numeric_rating,PerformanceReview,Human Resources,"Numeric equivalent if available (e.g., 1-5 scale).",string,,False,,restricted,False,False,core/resources/performance_review.json
overall_rating,PerformanceReview,Human Resources,"Map to institution's rating scale. E.g., 'Exceptional', 'Exceeds Expectations', 'Meets Expectations', 'Below Expectations', 'Unsatisfactory'.",string,,False,helix/performance-rating,restricted,False,False,core/resources/performance_review.json
review_period_end,PerformanceReview,Human Resources,Cast to ISO 8601.,string,date,False,,restricted,False,False,core/resources/performance_review.json
review_period_start,PerformanceReview,Human Resources,Cast to ISO 8601.,string,date,False,,restricted,False,False,core/resources/performance_review.json
review_status,PerformanceReview,Human Resources,"Map: 'Not Started' → 'not_started', 'In Progress' → 'in_progress', 'Manager Review' → 'manager_review', 'Completed' → 'completed', 'Acknowledged' → 'acknowledged'.",string,,False,,restricted,False,False,core/resources/performance_review.json
reviewer,PerformanceReview,Human Resources,Resolve to name. The reviewing manager.,string,,False,,restricted,False,False,core/resources/performance_review.json
birth_date,Person,Identity,,string,date,False,,confidential,True,False,core/resources/person.json
citizenship_countries,Person,Identity,Countries of citizenship (supports dual/multi citizenship),array,,False,,confidential,True,False,core/resources/person.json
contact,Person,Identity,Contact information,object,,False,,confidential,True,False,core/resources/person.json
contact.addresses,Person,Identity,,array,,False,,confidential,True,False,core/resources/person.json
contact.addresses[].city,Person,Identity,,string,,False,,confidential,True,False,core/resources/person.json
contact.addresses[].country,Person,Identity,,string,iso-3166-1-alpha-2,False,,confidential,True,False,core/resources/person.json
contact.addresses[].is_preferred,Person,Identity,,boolean,,False,,confidential,True,False,core/resources/person.json
contact.addresses[].line1,Person,Identity,,string,,False,,confidential,True,False,core/resources/person.json
contact.addresses[].line2,Person,Identity,,string,,False,,confidential,True,False,core/resources/person.json
contact.addresses[].postal_code,Person,Identity,,string,,False,,confidential,True,False,core/resources/person.json
contact.addresses[].state_province,Person,Identity,,string,,False,,confidential,True,False,core/resources/person.json
contact.addresses[].type,Person,Identity,,string,,False,,confidential,True,False,core/resources/person.json
contact.emails,Person,Identity,,array,,False,,confidential,True,False,core/resources/person.json
contact.emails[].address,Person,Identity,,string,email,False,,confidential,True,False,core/resources/person.json
contact.emails[].is_preferred,Person,Identity,,boolean,,False,,confidential,True,False,core/resources/person.json
contact.emails[].type,Person,Identity,,string,,False,,confidential,True,False,core/resources/person.json
contact.phones,Person,Identity,,array,,False,,confidential,True,False,core/resources/person.json
contact.phones[].is_preferred,Person,Identity,,boolean,,False,,confidential,True,False,core/resources/person.json
contact.phones[].number,Person,Identity,,string,,False,,confidential,True,False,core/resources/person.json
contact.phones[].type,Person,Identity,,string,,False,,confidential,True,False,core/resources/person.json
deceased_date,Person,Identity,,string,date,False,,confidential,True,False,core/resources/person.json
emergency_contacts,Person,Identity,,array,,False,,confidential,True,False,core/resources/person.json
emergency_contacts[].email,Person,Identity,,string,email,False,,confidential,True,False,core/resources/person.json
emergency_contacts[].name,Person,Identity,,string,,False,,confidential,True,False,core/resources/person.json
emergency_contacts[].phone,Person,Identity,,string,,False,,confidential,True,False,core/resources/person.json
emergency_contacts[].relationship,Person,Identity,,string,,False,,confidential,True,False,core/resources/person.json
ethnicity,Person,Identity,Self-reported ethnicity/race categories. Multi-select. Bound to helix/ethnicity terminology or country-specific profile.,array,,False,helix/ethnicity,confidential,True,False,core/resources/person.json
gender,Person,Identity,Bound to helix/gender terminology,string,,False,helix/gender,confidential,True,False,core/resources/person.json
gender_identity,Person,Identity,Self-reported gender identity. Bound to helix/gender-identity terminology. Separate from legal gender for institutions that track both.,string,,False,helix/gender-identity,confidential,True,False,core/resources/person.json
helix_id,Person,Identity,,string,uuid,True,,confidential,True,False,core/resources/person.json
identifiers,Person,Identity,All known identifiers across systems,array,,True,helix/identifier-type,confidential,True,False,core/resources/person.json
identifiers[].system,Person,Identity,,string,,True,,confidential,True,False,core/resources/person.json
identifiers[].type,Person,Identity,Bound to helix/identifier-type terminology,string,,True,,confidential,True,False,core/resources/person.json
identifiers[].value,Person,Identity,,string,,True,,confidential,True,False,core/resources/person.json
institution_id,Person,Identity,,string,,True,,confidential,True,False,core/resources/person.json
is_deceased,Person,Identity,,boolean,,False,,confidential,True,False,core/resources/person.json
meta,Person,Identity,HELIX metadata block — present on every resource,object,,False,,confidential,True,False,core/resources/person.json
meta.classification,Person,Identity,,string,,False,,confidential,True,False,core/resources/person.json
meta.created_at,Person,Identity,,string,date-time,False,,confidential,True,False,core/resources/person.json
meta.data_owner,Person,Identity,,string,,False,,confidential,True,False,core/resources/person.json
meta.ferpa_flags,Person,Identity,"FERPA enforcement flags, applied at Bronze->Silver identity resolution and checked by every consumer before disclosure. See govern/ferpa-disclosure-framework.json.",object,,False,,confidential,True,False,core/resources/person.json
meta.ferpa_flags.directory_restricted,Person,Identity,"True when the student has an active directory-information opt-out (from FERPARestriction.restrict_directory). When true, NO directory information may be disclosed under the 99.31(a)(11) directory exception.",boolean,,False,,confidential,True,False,core/resources/person.json
meta.ferpa_flags.disclosure_basis_required,Person,Identity,"If true, a consumer must assert a valid 34 CFR 99.31 disclosure basis (or hold 99.30 consent) before data is returned.",boolean,,False,,confidential,True,False,core/resources/person.json
meta.ferpa_flags.is_education_record,Person,Identity,True if this record is a FERPA education record (34 CFR 99.3).,boolean,,False,,confidential,True,False,core/resources/person.json
meta.ferpa_flags.legitimate_interest_scope,Person,Identity,Roles/purposes pre-authorized as school officials with legitimate educational interest for this record (drives the 99.31(a)(1) check).,array,,False,,confidential,True,False,core/resources/person.json
meta.ferpa_flags.restricted_categories,Person,Identity,Specific directory-information categories the student restricted (99.37). A field in this list must be withheld even if directory_restricted is false.,array,,False,,confidential,True,False,core/resources/person.json
meta.ferpa_flags.study_disclosure_allowed,Person,Identity,Whether this record may be released under a 99.31(a)(6) studies agreement (typically de-identified or under a written agreement).,boolean,,False,,confidential,True,False,core/resources/person.json
meta.source_system,Person,Identity,,string,,False,,confidential,True,False,core/resources/person.json
meta.updated_at,Person,Identity,,string,date-time,False,,confidential,True,False,core/resources/person.json
meta.version,Person,Identity,Resource version number,integer,,False,,confidential,True,False,core/resources/person.json
name,Person,Identity,,object,,True,,confidential,True,False,core/resources/person.json
name.family,Person,Identity,,string,,True,,confidential,True,False,core/resources/person.json
name.former_names,Person,Identity,Previous legal names for historical matching,array,,False,,confidential,True,False,core/resources/person.json
name.former_names[].effective_date,Person,Identity,,string,date,False,,confidential,True,False,core/resources/person.json
name.former_names[].family,Person,Identity,,string,,False,,confidential,True,False,core/resources/person.json
name.former_names[].given,Person,Identity,,string,,False,,confidential,True,False,core/resources/person.json
name.given,Person,Identity,,string,,True,,confidential,True,False,core/resources/person.json
name.middle,Person,Identity,,string,,False,,confidential,True,False,core/resources/person.json
name.preferred_first,Person,Identity,Preferred/chosen first name,string,,False,,confidential,True,False,core/resources/person.json
name.preferred_last,Person,Identity,Preferred last name if different from legal,string,,False,,confidential,True,False,core/resources/person.json
name.prefix,Person,Identity,,string,,False,,confidential,True,False,core/resources/person.json
name.suffix,Person,Identity,,string,,False,,confidential,True,False,core/resources/person.json
primary_language,Person,Identity,ISO 639-1 language code,string,,False,,confidential,True,False,core/resources/person.json
pronouns,Person,Identity,"Preferred pronouns (e.g., 'he/him', 'she/her', 'they/them')",string,,False,,confidential,True,False,core/resources/person.json
compensation_grade,Position,Human Resources,Pay grade/band for this position.,string,,False,,internal,False,False,core/resources/position.json
department,Position,Human Resources,Map to HELIX org code.,string,,False,,internal,False,False,core/resources/position.json
eeo_job_category,Position,Human Resources,"Map to IPEDS EEO category for federal reporting. E.g., 'Executive/Admin/Managerial', 'Faculty', 'Professional', 'Clerical', 'Technical', 'Skilled Craft', 'Service/Maintenance'.",string,,False,,internal,False,False,core/resources/position.json
fund_code,Position,Human Resources,Map to HELIX fund code. Faculty positions on grants → restricted fund.,string,,False,,internal,False,False,core/resources/position.json
headcount,Position,Human Resources,Number of workers that can fill this position (usually 1).,integer,,False,,internal,False,False,core/resources/position.json
helix_id,Position,Human Resources,HELIX-assigned unique identifier for this Position record.,string,,True,,internal,False,False,core/resources/position.json
incumbent_ref,Position,Human Resources,Resolve to HELIX employee_id if position is filled.,string,,False,,internal,False,False,core/resources/position.json
job_family,Position,Human Resources,"Grouping of related job profiles. E.g., 'Information Technology', 'Faculty - Arts & Sciences'.",string,,False,,internal,False,False,core/resources/position.json
job_level,Position,Human Resources,Map to institutional level structure or HELIX level codes.,string,,False,,internal,False,False,core/resources/position.json
job_profile,Position,Human Resources,Workday Job Profile = PS Job Code. The classification template.,string,,False,,internal,False,False,core/resources/position.json
location,Position,Human Resources,"Physical work location (campus, building).",string,,False,,internal,False,False,core/resources/position.json
management_level,Position,Human Resources,"Map: 'Individual Contributor' → 'individual', 'Manager' → 'manager', 'Director' → 'director', 'Vice President' → 'vp', 'Executive' → 'executive'.",string,,False,,internal,False,False,core/resources/position.json
meta,Position,Human Resources,HELIX metadata block — present on every resource.,object,,False,,internal,False,False,core/resources/position.json
meta.classification,Position,Human Resources,,string,,False,,internal,False,False,core/resources/position.json
meta.created_at,Position,Human Resources,,string,date-time,False,,internal,False,False,core/resources/position.json
meta.data_owner,Position,Human Resources,,string,,False,,internal,False,False,core/resources/position.json
meta.source_system,Position,Human Resources,"Originating system (e.g., 'peoplesoft', 'workday', 'banner').",string,,False,,internal,False,False,core/resources/position.json
meta.updated_at,Position,Human Resources,,string,date-time,False,,internal,False,False,core/resources/position.json
meta.version,Position,Human Resources,,integer,,False,,internal,False,False,core/resources/position.json
position_id,Position,Human Resources,Direct map.,string,,True,,internal,False,False,core/resources/position.json
position_status,Position,Human Resources,"Map: 'Open' → 'open', 'Filled' → 'filled', 'Frozen' → 'frozen', 'Closed' → 'closed'.",string,,False,helix/position-status,internal,False,False,core/resources/position.json
position_title,Position,Human Resources,"Position-specific title if overridden, otherwise from job profile.",string,,False,,internal,False,False,core/resources/position.json
supervisory_org,Position,Human Resources,The org unit this position reports into.,string,,False,,internal,False,False,core/resources/position.json
time_type,Position,Human Resources,"Map: 'Full time' → 'full_time', 'Part time' → 'part_time'.",string,,False,,internal,False,False,core/resources/position.json
worker_type,Position,Human Resources,"Map: 'Employee' → 'employee', 'Contingent Worker' → 'contingent'.",string,,False,helix/worker-type,internal,False,False,core/resources/position.json
actual_spend,PositionBudget,Human Resources,Actual compensation + benefits cost.,number,,False,,internal,False,False,core/resources/position_budget.json
budgeted_amount,PositionBudget,Human Resources,Total funded amount for this position/year.,number,,False,,internal,False,False,core/resources/position_budget.json
department,PositionBudget,Human Resources,Map to HELIX org code.,string,,False,,internal,False,False,core/resources/position_budget.json
fiscal_year,PositionBudget,Human Resources,Direct map.,integer,,False,,internal,False,False,core/resources/position_budget.json
funding_splits,PositionBudget,Human Resources,"Array of {fund, cost_center, grant, percentage} objects. Sum of percentages = 100%.",array,,False,,internal,False,False,core/resources/position_budget.json
helix_id,PositionBudget,Human Resources,HELIX-assigned unique identifier for this PositionBudget record.,string,,True,,internal,False,False,core/resources/position_budget.json
meta,PositionBudget,Human Resources,HELIX metadata block — present on every resource.,object,,False,,internal,False,False,core/resources/position_budget.json
meta.classification,PositionBudget,Human Resources,,string,,False,,internal,False,False,core/resources/position_budget.json
meta.created_at,PositionBudget,Human Resources,,string,date-time,False,,internal,False,False,core/resources/position_budget.json
meta.data_owner,PositionBudget,Human Resources,,string,,False,,internal,False,False,core/resources/position_budget.json
meta.source_system,PositionBudget,Human Resources,"Originating system (e.g., 'peoplesoft', 'workday', 'banner').",string,,False,,internal,False,False,core/resources/position_budget.json
meta.updated_at,PositionBudget,Human Resources,,string,date-time,False,,internal,False,False,core/resources/position_budget.json
meta.version,PositionBudget,Human Resources,,integer,,False,,internal,False,False,core/resources/position_budget.json
org_headcount_actual,PositionBudget,Human Resources,Current filled headcount.,integer,,False,,internal,False,False,core/resources/position_budget.json
org_headcount_budget,PositionBudget,Human Resources,Planned headcount for the org.,integer,,False,,internal,False,False,core/resources/position_budget.json
org_headcount_open,PositionBudget,Human Resources,Unfilled positions.,integer,,False,,internal,False,False,core/resources/position_budget.json
position_ref,PositionBudget,Human Resources,Link to HELIX position_id.,string,,True,,internal,False,False,core/resources/position_budget.json
primary_cost_center,PositionBudget,Human Resources,Map to HELIX org code.,string,,False,,internal,False,False,core/resources/position_budget.json
primary_fund,PositionBudget,Human Resources,Map to HELIX fund code.,string,,False,,internal,False,False,core/resources/position_budget.json
variance,PositionBudget,Human Resources,"Positive = underspent, negative = overspent.",number,,False,,internal,False,False,core/resources/position_budget.json
academic_org_ref,Program,Academic Structure,HELIX ID of the owning college/school/department,string,,False,,internal,False,False,core/resources/program.json
accreditation_body,Program,Academic Structure,External accreditor if program-level accreditation exists,string,,False,,internal,False,False,core/resources/program.json
admission_selectivity,Program,Academic Structure,Program-level admission selectivity,string,,False,,internal,False,False,core/resources/program.json
cip_code,Program,Academic Structure,"NCES Classification of Instructional Programs code (e.g., '11.0701')",string,,False,,internal,False,False,core/resources/program.json
code,Program,Academic Structure,Institution's program code,string,,False,,internal,False,False,core/resources/program.json
degree_level,Program,Academic Structure,Bound to HELIX terminology: helix/degree-level.,string,,True,helix/degree-level,internal,False,False,core/resources/program.json
degree_type,Program,Academic Structure,"Degree designation (e.g., 'BS', 'BA', 'MS', 'PhD', 'AAS')",string,,False,,internal,False,False,core/resources/program.json
delivery_mode,Program,Academic Structure,Primary delivery mode for the program Bound to HELIX terminology: helix/delivery-mode.,string,,False,helix/delivery-mode,internal,False,False,core/resources/program.json
gainful_employment_flag,Program,Academic Structure,Whether the program is subject to Gainful Employment reporting (US),boolean,,False,,internal,False,False,core/resources/program.json
helix_id,Program,Academic Structure,,string,uuid,True,,internal,False,False,core/resources/program.json
institution_id,Program,Academic Structure,,string,,True,,internal,False,False,core/resources/program.json
is_active,Program,Academic Structure,,boolean,,False,,internal,False,False,core/resources/program.json
meta,Program,Academic Structure,HELIX metadata block — present on every resource,object,,False,,internal,False,False,core/resources/program.json
meta.classification,Program,Academic Structure,Data classification tier per HELIX Govern,string,,False,,internal,False,False,core/resources/program.json
meta.created_at,Program,Academic Structure,,string,date-time,False,,internal,False,False,core/resources/program.json
meta.data_owner,Program,Academic Structure,Role or person responsible for data quality,string,,False,,internal,False,False,core/resources/program.json
meta.source_system,Program,Academic Structure,"Originating system (e.g., 'banner', 'peoplesoft', 'workday')",string,,False,,internal,False,False,core/resources/program.json
meta.updated_at,Program,Academic Structure,,string,date-time,False,,internal,False,False,core/resources/program.json
meta.version,Program,Academic Structure,Resource version number,integer,,False,,internal,False,False,core/resources/program.json
name,Program,Academic Structure,"Official program name (e.g., 'Computer Science')",string,,True,,internal,False,False,core/resources/program.json
program_length_terms,Program,Academic Structure,Expected program length in standard terms,integer,,False,,internal,False,False,core/resources/program.json
program_type,Program,Academic Structure,,string,,True,,internal,False,False,core/resources/program.json
stackable_credentials,Program,Academic Structure,HELIX IDs of related Programs that stack into this credential,array,,False,,internal,False,False,core/resources/program.json
total_credit_hours_required,Program,Academic Structure,,number,,False,,internal,False,False,core/resources/program.json
business_unit,PurchaseOrder,Financial Operations,Direct map.,string,,False,,internal,False,False,core/resources/purchase_order.json
buyer,PurchaseOrder,Financial Operations,Resolve to name/alias.,string,,False,,internal,False,False,core/resources/purchase_order.json
contract_ref,PurchaseOrder,Financial Operations,Link to supplier contract if this PO is under a blanket agreement.,string,,False,,internal,False,False,core/resources/purchase_order.json
helix_id,PurchaseOrder,Financial Operations,HELIX-assigned unique identifier for this PurchaseOrder record.,string,,True,,internal,False,False,core/resources/purchase_order.json
line_account,PurchaseOrder,Financial Operations,Map to HELIX account code.,string,,False,,internal,False,False,core/resources/purchase_order.json
line_amount,PurchaseOrder,Financial Operations,Direct map.,number,,False,,internal,False,False,core/resources/purchase_order.json
line_department,PurchaseOrder,Financial Operations,Map to HELIX org code.,string,,False,,internal,False,False,core/resources/purchase_order.json
line_description,PurchaseOrder,Financial Operations,Direct map.,string,,False,,internal,False,False,core/resources/purchase_order.json
line_fund,PurchaseOrder,Financial Operations,Map to HELIX fund code.,string,,False,,internal,False,False,core/resources/purchase_order.json
line_quantity,PurchaseOrder,Financial Operations,Direct map.,number,,False,,internal,False,False,core/resources/purchase_order.json
line_unit_price,PurchaseOrder,Financial Operations,Direct map.,number,,False,,internal,False,False,core/resources/purchase_order.json
meta,PurchaseOrder,Financial Operations,HELIX metadata block — present on every resource.,object,,False,,internal,False,False,core/resources/purchase_order.json
meta.classification,PurchaseOrder,Financial Operations,,string,,False,,internal,False,False,core/resources/purchase_order.json
meta.created_at,PurchaseOrder,Financial Operations,,string,date-time,False,,internal,False,False,core/resources/purchase_order.json
meta.data_owner,PurchaseOrder,Financial Operations,,string,,False,,internal,False,False,core/resources/purchase_order.json
meta.source_system,PurchaseOrder,Financial Operations,"Originating system (e.g., 'peoplesoft', 'workday', 'banner').",string,,False,,internal,False,False,core/resources/purchase_order.json
meta.updated_at,PurchaseOrder,Financial Operations,,string,date-time,False,,internal,False,False,core/resources/purchase_order.json
meta.version,PurchaseOrder,Financial Operations,,integer,,False,,internal,False,False,core/resources/purchase_order.json
po_date,PurchaseOrder,Financial Operations,Cast to ISO 8601.,string,date,False,,internal,False,False,core/resources/purchase_order.json
po_id,PurchaseOrder,Financial Operations,Direct map.,string,,True,,internal,False,False,core/resources/purchase_order.json
po_status,PurchaseOrder,Financial Operations,"Map: 'Draft' → 'draft', 'In Progress' → 'open', 'Fully Received' → 'received', 'Closed' → 'closed', 'Canceled' → 'canceled'.",string,,False,helix/purchase-order-status,internal,False,False,core/resources/purchase_order.json
requisition_ref,PurchaseOrder,Financial Operations,Link back to originating requisition.,string,,False,,internal,False,False,core/resources/purchase_order.json
spend_category,PurchaseOrder,Financial Operations,Workday's commodity classification. Map to HELIX procurement category if defined.,string,,False,,internal,False,False,core/resources/purchase_order.json
total_amount,PurchaseOrder,Financial Operations,Direct map.,number,,False,,internal,False,False,core/resources/purchase_order.json
vendor_id,PurchaseOrder,Financial Operations,Direct map.,string,,False,,internal,False,False,core/resources/purchase_order.json
vendor_name,PurchaseOrder,Financial Operations,Direct map.,string,,False,,internal,False,False,core/resources/purchase_order.json
applicant_count,Requisition,Human Resources,Total applicants.,integer,,False,,confidential,False,False,core/resources/requisition.json
application_disposition,Requisition,Human Resources,"Map: 'Hired' → 'hired', 'Declined' → 'declined', 'Withdrew' → 'withdrew', 'Not Selected' → 'rejected'.",string,,False,,confidential,False,False,core/resources/requisition.json
application_stage,Requisition,Human Resources,Map to institution's recruiting pipeline stages.,string,,False,,confidential,False,False,core/resources/requisition.json
candidate_name,Requisition,Human Resources,Direct map. Sensitive — pre-hire data.,string,,False,,confidential,False,False,core/resources/requisition.json
candidate_source,Requisition,Human Resources,"Map: 'Job Board' → 'job_board', 'Employee Referral' → 'referral', 'Internal' → 'internal', 'Agency' → 'agency', 'Career Site' → 'career_site'.",string,,False,,confidential,False,False,core/resources/requisition.json
department,Requisition,Human Resources,Map to HELIX org code.,string,,False,,confidential,False,False,core/resources/requisition.json
eeo_category,Requisition,Human Resources,For affirmative action reporting.,string,,False,helix/eeo-category,confidential,False,False,core/resources/requisition.json
helix_id,Requisition,Human Resources,HELIX-assigned unique identifier for this Requisition record.,string,,True,,confidential,False,False,core/resources/requisition.json
hiring_manager,Requisition,Human Resources,Resolve to name.,string,,False,,confidential,False,False,core/resources/requisition.json
job_profile,Requisition,Human Resources,Direct map. The classification being recruited.,string,,False,,confidential,False,False,core/resources/requisition.json
meta,Requisition,Human Resources,HELIX metadata block — present on every resource.,object,,False,,confidential,False,False,core/resources/requisition.json
meta.classification,Requisition,Human Resources,,string,,False,,confidential,False,False,core/resources/requisition.json
meta.created_at,Requisition,Human Resources,,string,date-time,False,,confidential,False,False,core/resources/requisition.json
meta.data_owner,Requisition,Human Resources,,string,,False,,confidential,False,False,core/resources/requisition.json
meta.source_system,Requisition,Human Resources,"Originating system (e.g., 'peoplesoft', 'workday', 'banner').",string,,False,,confidential,False,False,core/resources/requisition.json
meta.updated_at,Requisition,Human Resources,,string,date-time,False,,confidential,False,False,core/resources/requisition.json
meta.version,Requisition,Human Resources,,integer,,False,,confidential,False,False,core/resources/requisition.json
recruiter,Requisition,Human Resources,Resolve to name.,string,,False,,confidential,False,False,core/resources/requisition.json
requisition_id,Requisition,Human Resources,Direct map.,string,,True,,confidential,False,False,core/resources/requisition.json
requisition_status,Requisition,Human Resources,"Map: 'Draft' → 'draft', 'Open' → 'open', 'Filled' → 'filled', 'Closed Not Filled' → 'closed_unfilled', 'On Hold' → 'on_hold', 'Canceled' → 'canceled'.",string,,False,helix/requisition-status,confidential,False,False,core/resources/requisition.json
requisition_title,Requisition,Human Resources,Direct map.,string,,False,,confidential,False,False,core/resources/requisition.json
target_start_date,Requisition,Human Resources,Cast to ISO 8601.,string,date,False,,confidential,False,False,core/resources/requisition.json
academic_period_ref,ReturnOfTitleIv,Financial Aid,HELIX ID of the AcademicPeriod,string,,True,,restricted,True,True,core/resources/return_of_title_iv.json
academic_year,ReturnOfTitleIv,Financial Aid,Aid year in YYYY-YYYY format,string,,False,,restricted,True,True,core/resources/return_of_title_iv.json
amount_returned_by_school,ReturnOfTitleIv,Financial Aid,,number,,False,,restricted,True,True,core/resources/return_of_title_iv.json
amount_returned_by_student,ReturnOfTitleIv,Financial Aid,,number,,False,,restricted,True,True,core/resources/return_of_title_iv.json
determination_date,ReturnOfTitleIv,Financial Aid,Date the institution determined the student withdrew.,string,date,False,,restricted,True,True,core/resources/return_of_title_iv.json
helix_id,ReturnOfTitleIv,Financial Aid,HELIX unique identifier,string,uuid,True,,restricted,True,True,core/resources/return_of_title_iv.json
institutional_charges,ReturnOfTitleIv,Financial Aid,,number,,False,,restricted,True,True,core/resources/return_of_title_iv.json
meta,ReturnOfTitleIv,Financial Aid,HELIX metadata block — present on every resource,object,,False,,restricted,True,True,core/resources/return_of_title_iv.json
meta.classification,ReturnOfTitleIv,Financial Aid,Data classification tier per HELIX Govern,string,,False,,restricted,True,True,core/resources/return_of_title_iv.json
meta.created_at,ReturnOfTitleIv,Financial Aid,,string,date-time,False,,restricted,True,True,core/resources/return_of_title_iv.json
meta.data_owner,ReturnOfTitleIv,Financial Aid,Role or person responsible for data quality,string,,False,,restricted,True,True,core/resources/return_of_title_iv.json
meta.ferpa_flags,ReturnOfTitleIv,Financial Aid,"FERPA enforcement flags, applied at Bronze->Silver identity resolution and checked by every consumer before disclosure. See govern/ferpa-disclosure-framework.json.",object,,False,,restricted,True,True,core/resources/return_of_title_iv.json
meta.ferpa_flags.directory_restricted,ReturnOfTitleIv,Financial Aid,"True when the student has an active directory-information opt-out (from FERPARestriction.restrict_directory). When true, NO directory information may be disclosed under the 99.31(a)(11) directory exception.",boolean,,False,,restricted,True,True,core/resources/return_of_title_iv.json
meta.ferpa_flags.disclosure_basis_required,ReturnOfTitleIv,Financial Aid,"If true, a consumer must assert a valid 34 CFR 99.31 disclosure basis (or hold 99.30 consent) before data is returned.",boolean,,False,,restricted,True,True,core/resources/return_of_title_iv.json
meta.ferpa_flags.is_education_record,ReturnOfTitleIv,Financial Aid,True if this record is a FERPA education record (34 CFR 99.3).,boolean,,False,,restricted,True,True,core/resources/return_of_title_iv.json
meta.ferpa_flags.legitimate_interest_scope,ReturnOfTitleIv,Financial Aid,Roles/purposes pre-authorized as school officials with legitimate educational interest for this record (drives the 99.31(a)(1) check).,array,,False,,restricted,True,True,core/resources/return_of_title_iv.json
meta.ferpa_flags.restricted_categories,ReturnOfTitleIv,Financial Aid,Specific directory-information categories the student restricted (99.37). A field in this list must be withheld even if directory_restricted is false.,array,,False,,restricted,True,True,core/resources/return_of_title_iv.json
meta.ferpa_flags.study_disclosure_allowed,ReturnOfTitleIv,Financial Aid,Whether this record may be released under a 99.31(a)(6) studies agreement (typically de-identified or under a written agreement).,boolean,,False,,restricted,True,True,core/resources/return_of_title_iv.json
meta.source_system,ReturnOfTitleIv,Financial Aid,"Originating system (e.g., 'banner', 'peoplesoft', 'workday')",string,,False,,restricted,True,True,core/resources/return_of_title_iv.json
meta.updated_at,ReturnOfTitleIv,Financial Aid,,string,date-time,False,,restricted,True,True,core/resources/return_of_title_iv.json
meta.version,ReturnOfTitleIv,Financial Aid,Resource version number,integer,,False,,restricted,True,True,core/resources/return_of_title_iv.json
percent_enrolled,ReturnOfTitleIv,Financial Aid,Days completed / total days in period (percentage).,number,,False,,restricted,True,True,core/resources/return_of_title_iv.json
percent_title_iv_earned,ReturnOfTitleIv,Financial Aid,,number,,False,,restricted,True,True,core/resources/return_of_title_iv.json
post_withdrawal_disbursement_flag,ReturnOfTitleIv,Financial Aid,,boolean,,False,,restricted,True,True,core/resources/return_of_title_iv.json
pwd_accepted_flag,ReturnOfTitleIv,Financial Aid,,boolean,,False,,restricted,True,True,core/resources/return_of_title_iv.json
pwd_amount,ReturnOfTitleIv,Financial Aid,,number,,False,,restricted,True,True,core/resources/return_of_title_iv.json
pwd_offered_date,ReturnOfTitleIv,Financial Aid,,string,date,False,,restricted,True,True,core/resources/return_of_title_iv.json
r2t4_status,ReturnOfTitleIv,Financial Aid,Bound to helix/r2t4-status.,string,,True,helix/r2t4-status,restricted,True,True,core/resources/return_of_title_iv.json
return_calculation_date,ReturnOfTitleIv,Financial Aid,,string,date,False,,restricted,True,True,core/resources/return_of_title_iv.json
return_deadline_date,ReturnOfTitleIv,Financial Aid,Return deadline (typically 45 days from determination).,string,date,False,,restricted,True,True,core/resources/return_of_title_iv.json
student_ref,ReturnOfTitleIv,Financial Aid,HELIX ID of the Student,string,,True,,restricted,True,True,core/resources/return_of_title_iv.json
title_iv_could_have_disbursed,ReturnOfTitleIv,Financial Aid,,number,,False,,restricted,True,True,core/resources/return_of_title_iv.json
title_iv_disbursed_amount,ReturnOfTitleIv,Financial Aid,,number,,False,,restricted,True,True,core/resources/return_of_title_iv.json
title_iv_earned_amount,ReturnOfTitleIv,Financial Aid,,number,,False,,restricted,True,True,core/resources/return_of_title_iv.json
title_iv_unearned_amount,ReturnOfTitleIv,Financial Aid,,number,,False,,restricted,True,True,core/resources/return_of_title_iv.json
withdrawal_date,ReturnOfTitleIv,Financial Aid,,string,date,True,,restricted,True,True,core/resources/return_of_title_iv.json
withdrawal_type,ReturnOfTitleIv,Financial Aid,,string,,False,,restricted,True,True,core/resources/return_of_title_iv.json
academic_period_ref,SapEvaluation,Financial Aid,HELIX ID of the AcademicPeriod evaluated,string,,False,,confidential,True,False,core/resources/sap_evaluation.json
academic_plan_flag,SapEvaluation,Financial Aid,True if the student is on an academic plan.,boolean,,False,,confidential,True,False,core/resources/sap_evaluation.json
academic_plan_terms,SapEvaluation,Financial Aid,Number of terms covered by the academic plan.,integer,,False,,confidential,True,False,core/resources/sap_evaluation.json
academic_year,SapEvaluation,Financial Aid,Aid year in YYYY-YYYY format,string,,False,,confidential,True,False,core/resources/sap_evaluation.json
appeal_date,SapEvaluation,Financial Aid,,string,date,False,,confidential,True,False,core/resources/sap_evaluation.json
appeal_filed_flag,SapEvaluation,Financial Aid,,boolean,,False,,confidential,True,False,core/resources/sap_evaluation.json
appeal_reason,SapEvaluation,Financial Aid,,string,,False,,confidential,True,False,core/resources/sap_evaluation.json
appeal_status,SapEvaluation,Financial Aid,Appeal status,string,,False,,confidential,True,False,core/resources/sap_evaluation.json
credits_attempted_cumulative,SapEvaluation,Financial Aid,,number,,False,,confidential,True,False,core/resources/sap_evaluation.json
credits_completed_cumulative,SapEvaluation,Financial Aid,,number,,False,,confidential,True,False,core/resources/sap_evaluation.json
evaluation_date,SapEvaluation,Financial Aid,,string,date,True,,confidential,True,False,core/resources/sap_evaluation.json
financial_aid_suspension_flag,SapEvaluation,Financial Aid,,boolean,,False,,confidential,True,False,core/resources/sap_evaluation.json
financial_aid_warning_flag,SapEvaluation,Financial Aid,,boolean,,False,,confidential,True,False,core/resources/sap_evaluation.json
helix_id,SapEvaluation,Financial Aid,HELIX unique identifier,string,uuid,True,,confidential,True,False,core/resources/sap_evaluation.json
max_timeframe_pct,SapEvaluation,Financial Aid,Percentage of the 150% maximum timeframe consumed.,number,,False,,confidential,True,False,core/resources/sap_evaluation.json
meta,SapEvaluation,Financial Aid,HELIX metadata block — present on every resource,object,,False,,confidential,True,False,core/resources/sap_evaluation.json
meta.classification,SapEvaluation,Financial Aid,Data classification tier per HELIX Govern,string,,False,,confidential,True,False,core/resources/sap_evaluation.json
meta.created_at,SapEvaluation,Financial Aid,,string,date-time,False,,confidential,True,False,core/resources/sap_evaluation.json
meta.data_owner,SapEvaluation,Financial Aid,Role or person responsible for data quality,string,,False,,confidential,True,False,core/resources/sap_evaluation.json
meta.ferpa_flags,SapEvaluation,Financial Aid,"FERPA enforcement flags, applied at Bronze->Silver identity resolution and checked by every consumer before disclosure. See govern/ferpa-disclosure-framework.json.",object,,False,,confidential,True,False,core/resources/sap_evaluation.json
meta.ferpa_flags.directory_restricted,SapEvaluation,Financial Aid,"True when the student has an active directory-information opt-out (from FERPARestriction.restrict_directory). When true, NO directory information may be disclosed under the 99.31(a)(11) directory exception.",boolean,,False,,confidential,True,False,core/resources/sap_evaluation.json
meta.ferpa_flags.disclosure_basis_required,SapEvaluation,Financial Aid,"If true, a consumer must assert a valid 34 CFR 99.31 disclosure basis (or hold 99.30 consent) before data is returned.",boolean,,False,,confidential,True,False,core/resources/sap_evaluation.json
meta.ferpa_flags.is_education_record,SapEvaluation,Financial Aid,True if this record is a FERPA education record (34 CFR 99.3).,boolean,,False,,confidential,True,False,core/resources/sap_evaluation.json
meta.ferpa_flags.legitimate_interest_scope,SapEvaluation,Financial Aid,Roles/purposes pre-authorized as school officials with legitimate educational interest for this record (drives the 99.31(a)(1) check).,array,,False,,confidential,True,False,core/resources/sap_evaluation.json
meta.ferpa_flags.restricted_categories,SapEvaluation,Financial Aid,Specific directory-information categories the student restricted (99.37). A field in this list must be withheld even if directory_restricted is false.,array,,False,,confidential,True,False,core/resources/sap_evaluation.json
meta.ferpa_flags.study_disclosure_allowed,SapEvaluation,Financial Aid,Whether this record may be released under a 99.31(a)(6) studies agreement (typically de-identified or under a written agreement).,boolean,,False,,confidential,True,False,core/resources/sap_evaluation.json
meta.source_system,SapEvaluation,Financial Aid,"Originating system (e.g., 'banner', 'peoplesoft', 'workday')",string,,False,,confidential,True,False,core/resources/sap_evaluation.json
meta.updated_at,SapEvaluation,Financial Aid,,string,date-time,False,,confidential,True,False,core/resources/sap_evaluation.json
meta.version,SapEvaluation,Financial Aid,Resource version number,integer,,False,,confidential,True,False,core/resources/sap_evaluation.json
probation_flag,SapEvaluation,Financial Aid,,boolean,,False,,confidential,True,False,core/resources/sap_evaluation.json
qualitative_measure_gpa,SapEvaluation,Financial Aid,Cumulative GPA measure.,number,,False,,confidential,True,False,core/resources/sap_evaluation.json
quantitative_measure_pace,SapEvaluation,Financial Aid,Pace = cumulative completed / attempted credits (percentage).,number,,False,,confidential,True,False,core/resources/sap_evaluation.json
sap_status,SapEvaluation,Financial Aid,Bound to helix/sap-status.,string,,True,helix/sap-status,confidential,True,False,core/resources/sap_evaluation.json
student_ref,SapEvaluation,Financial Aid,HELIX ID of the Student,string,,True,,confidential,True,False,core/resources/sap_evaluation.json
academic_level,Student,Identity,Current academic career/level,string,,False,,confidential,True,False,core/resources/student.json
admit_period_ref,Student,Identity,HELIX ID of the AcademicPeriod when the student was first admitted,string,,False,,confidential,True,False,core/resources/student.json
birth_date,Student,Identity,,string,date,False,,confidential,True,False,core/resources/student.json
citizenship_country,Student,Identity,,string,iso-3166-1-alpha-2,False,,confidential,True,False,core/resources/student.json
class_standing,Student,Identity,Current class standing based on earned credit hours,string,,False,,confidential,True,False,core/resources/student.json
cohort,Student,Identity,"Cohort identifier for tracking (e.g., 'Fall 2024 FTFT' for first-time full-time)",string,,False,,confidential,True,False,core/resources/student.json
cumulative_gpa,Student,Identity,Overall cumulative GPA,number,,False,,confidential,True,False,core/resources/student.json
demographics,Student,Identity,Extension point for institution- or country-specific demographic attributes,object,,False,,confidential,True,False,core/resources/student.json
expected_graduation_date,Student,Identity,,string,date,False,,confidential,True,False,core/resources/student.json
first_generation_flag,Student,Identity,,boolean,,False,,confidential,True,False,core/resources/student.json
full_part_time,Student,Identity,Enrollment intensity. Critical for financial aid and IPEDS reporting.,string,,False,,confidential,True,False,core/resources/student.json
gender,Student,Identity,Bound to HELIX terminology: helix/gender,string,,False,helix/gender,confidential,True,False,core/resources/student.json
helix_id,Student,Identity,Globally unique HELIX identifier,string,uuid,True,,confidential,True,False,core/resources/student.json
identifiers,Student,Identity,All known identifiers for this student across systems,array,,True,,confidential,True,False,core/resources/student.json
identifiers[].system,Student,Identity,"Source system (e.g., 'banner', 'peoplesoft', 'national_id')",string,,True,,confidential,True,False,core/resources/student.json
identifiers[].type,Student,Identity,,string,,True,,confidential,True,False,core/resources/student.json
identifiers[].value,Student,Identity,,string,,True,,confidential,True,False,core/resources/student.json
institution_id,Student,Identity,HELIX identifier for the institution (references Institution resource),string,,True,,confidential,True,False,core/resources/student.json
international_student,Student,Identity,International student attributes (populated only for non-domestic students),object,,False,,confidential,True,False,core/resources/student.json
international_student.country_of_origin,Student,Identity,,string,iso-3166-1-alpha-2,False,,confidential,True,False,core/resources/student.json
international_student.english_proficiency_score,Student,Identity,,number,,False,,confidential,True,False,core/resources/student.json
international_student.english_proficiency_test,Student,Identity,,string,,False,,confidential,True,False,core/resources/student.json
international_student.sevis_id,Student,Identity,,string,,False,,confidential,True,False,core/resources/student.json
international_student.visa_type,Student,Identity,,string,,False,,confidential,True,False,core/resources/student.json
matriculation_date,Student,Identity,Date the student first enrolled (matriculated),string,date,False,,confidential,True,False,core/resources/student.json
meta,Student,Identity,HELIX metadata block — present on every resource,object,,False,,confidential,True,False,core/resources/student.json
meta.classification,Student,Identity,Data classification tier per HELIX Govern,string,,False,,confidential,True,False,core/resources/student.json
meta.created_at,Student,Identity,,string,date-time,False,,confidential,True,False,core/resources/student.json
meta.data_owner,Student,Identity,Role or person responsible for data quality,string,,False,,confidential,True,False,core/resources/student.json
meta.ferpa_flags,Student,Identity,"FERPA enforcement flags, applied at Bronze->Silver identity resolution and checked by every consumer before disclosure. See govern/ferpa-disclosure-framework.json.",object,,False,,confidential,True,False,core/resources/student.json
meta.ferpa_flags.directory_restricted,Student,Identity,"True when the student has an active directory-information opt-out (from FERPARestriction.restrict_directory). When true, NO directory information may be disclosed under the 99.31(a)(11) directory exception.",boolean,,False,,confidential,True,False,core/resources/student.json
meta.ferpa_flags.disclosure_basis_required,Student,Identity,"If true, a consumer must assert a valid 34 CFR 99.31 disclosure basis (or hold 99.30 consent) before data is returned.",boolean,,False,,confidential,True,False,core/resources/student.json
meta.ferpa_flags.is_education_record,Student,Identity,True if this record is a FERPA education record (34 CFR 99.3).,boolean,,False,,confidential,True,False,core/resources/student.json
meta.ferpa_flags.legitimate_interest_scope,Student,Identity,Roles/purposes pre-authorized as school officials with legitimate educational interest for this record (drives the 99.31(a)(1) check).,array,,False,,confidential,True,False,core/resources/student.json
meta.ferpa_flags.restricted_categories,Student,Identity,Specific directory-information categories the student restricted (99.37). A field in this list must be withheld even if directory_restricted is false.,array,,False,,confidential,True,False,core/resources/student.json
meta.ferpa_flags.study_disclosure_allowed,Student,Identity,Whether this record may be released under a 99.31(a)(6) studies agreement (typically de-identified or under a written agreement).,boolean,,False,,confidential,True,False,core/resources/student.json
meta.source_system,Student,Identity,"Originating system (e.g., 'banner', 'peoplesoft', 'workday')",string,,False,,confidential,True,False,core/resources/student.json
meta.updated_at,Student,Identity,,string,date-time,False,,confidential,True,False,core/resources/student.json
meta.version,Student,Identity,Resource version number,integer,,False,,confidential,True,False,core/resources/student.json
name,Student,Identity,,object,,False,,confidential,True,False,core/resources/student.json
name.family,Student,Identity,,string,,False,,confidential,True,False,core/resources/student.json
name.given,Student,Identity,,string,,False,,confidential,True,False,core/resources/student.json
name.middle,Student,Identity,,string,,False,,confidential,True,False,core/resources/student.json
name.preferred,Student,Identity,,string,,False,,confidential,True,False,core/resources/student.json
name.prefix,Student,Identity,,string,,False,,confidential,True,False,core/resources/student.json
name.suffix,Student,Identity,,string,,False,,confidential,True,False,core/resources/student.json
person_ref,Student,Identity,HELIX ID of the underlying Person resource. A Student is a role on a Person.,string,,False,,confidential,True,False,core/resources/student.json
primary_program_ref,Student,Identity,HELIX ID of the student's primary StudentProgram,string,,False,,confidential,True,False,core/resources/student.json
residency,Student,Identity,,string,,False,,confidential,True,False,core/resources/student.json
status,Student,Identity,Current lifecycle status. Bound to HELIX terminology: helix/student-status,string,,True,helix/student-status,confidential,True,False,core/resources/student.json
student_type,Student,Identity,Classification of the student's entry pathway Bound to HELIX terminology: helix/student-type.,string,,False,helix/student-type,confidential,True,False,core/resources/student.json
total_credits_attempted,Student,Identity,,number,,False,,confidential,True,False,core/resources/student.json
total_credits_earned,Student,Identity,,number,,False,,confidential,True,False,core/resources/student.json
veteran_status,Student,Identity,Military/veteran classification for benefits and reporting Bound to HELIX terminology: helix/veteran-status.,string,,False,helix/veteran-status,confidential,True,False,core/resources/student.json
academic_year,StudentEmployment,Financial Aid,Aid year in YYYY-YYYY format,string,,True,,confidential,True,False,core/resources/student_employment.json
community_service_flag,StudentEmployment,Financial Aid,,boolean,,False,,confidential,True,False,core/resources/student_employment.json
community_service_percent,StudentEmployment,Financial Aid,,number,,False,,confidential,True,False,core/resources/student_employment.json
earnings_ytd,StudentEmployment,Financial Aid,,number,,False,,confidential,True,False,core/resources/student_employment.json
employer_department,StudentEmployment,Financial Aid,,string,,False,,confidential,True,False,core/resources/student_employment.json
employment_type,StudentEmployment,Financial Aid,Bound to helix/employment-type-aid.,string,,True,helix/employment-type-aid,confidential,True,False,core/resources/student_employment.json
federal_share_percent,StudentEmployment,Financial Aid,,number,,False,,confidential,True,False,core/resources/student_employment.json
fws_award_amount,StudentEmployment,Financial Aid,Federal Work-Study award amount.,number,,False,,confidential,True,False,core/resources/student_employment.json
fws_earnings_to_date,StudentEmployment,Financial Aid,,number,,False,,confidential,True,False,core/resources/student_employment.json
fws_remaining,StudentEmployment,Financial Aid,,number,,False,,confidential,True,False,core/resources/student_employment.json
helix_id,StudentEmployment,Financial Aid,HELIX unique identifier,string,uuid,True,,confidential,True,False,core/resources/student_employment.json
hourly_rate,StudentEmployment,Financial Aid,,number,,False,,confidential,True,False,core/resources/student_employment.json
hours_per_week_max,StudentEmployment,Financial Aid,,number,,False,,confidential,True,False,core/resources/student_employment.json
institutional_share_percent,StudentEmployment,Financial Aid,,number,,False,,confidential,True,False,core/resources/student_employment.json
job_placement_status,StudentEmployment,Financial Aid,,string,,False,,confidential,True,False,core/resources/student_employment.json
job_title,StudentEmployment,Financial Aid,,string,,False,,confidential,True,False,core/resources/student_employment.json
meta,StudentEmployment,Financial Aid,HELIX metadata block — present on every resource,object,,False,,confidential,True,False,core/resources/student_employment.json
meta.classification,StudentEmployment,Financial Aid,Data classification tier per HELIX Govern,string,,False,,confidential,True,False,core/resources/student_employment.json
meta.created_at,StudentEmployment,Financial Aid,,string,date-time,False,,confidential,True,False,core/resources/student_employment.json
meta.data_owner,StudentEmployment,Financial Aid,Role or person responsible for data quality,string,,False,,confidential,True,False,core/resources/student_employment.json
meta.ferpa_flags,StudentEmployment,Financial Aid,"FERPA enforcement flags, applied at Bronze->Silver identity resolution and checked by every consumer before disclosure. See govern/ferpa-disclosure-framework.json.",object,,False,,confidential,True,False,core/resources/student_employment.json
meta.ferpa_flags.directory_restricted,StudentEmployment,Financial Aid,"True when the student has an active directory-information opt-out (from FERPARestriction.restrict_directory). When true, NO directory information may be disclosed under the 99.31(a)(11) directory exception.",boolean,,False,,confidential,True,False,core/resources/student_employment.json
meta.ferpa_flags.disclosure_basis_required,StudentEmployment,Financial Aid,"If true, a consumer must assert a valid 34 CFR 99.31 disclosure basis (or hold 99.30 consent) before data is returned.",boolean,,False,,confidential,True,False,core/resources/student_employment.json
meta.ferpa_flags.is_education_record,StudentEmployment,Financial Aid,True if this record is a FERPA education record (34 CFR 99.3).,boolean,,False,,confidential,True,False,core/resources/student_employment.json
meta.ferpa_flags.legitimate_interest_scope,StudentEmployment,Financial Aid,Roles/purposes pre-authorized as school officials with legitimate educational interest for this record (drives the 99.31(a)(1) check).,array,,False,,confidential,True,False,core/resources/student_employment.json
meta.ferpa_flags.restricted_categories,StudentEmployment,Financial Aid,Specific directory-information categories the student restricted (99.37). A field in this list must be withheld even if directory_restricted is false.,array,,False,,confidential,True,False,core/resources/student_employment.json
meta.ferpa_flags.study_disclosure_allowed,StudentEmployment,Financial Aid,Whether this record may be released under a 99.31(a)(6) studies agreement (typically de-identified or under a written agreement).,boolean,,False,,confidential,True,False,core/resources/student_employment.json
meta.source_system,StudentEmployment,Financial Aid,"Originating system (e.g., 'banner', 'peoplesoft', 'workday')",string,,False,,confidential,True,False,core/resources/student_employment.json
meta.updated_at,StudentEmployment,Financial Aid,,string,date-time,False,,confidential,True,False,core/resources/student_employment.json
meta.version,StudentEmployment,Financial Aid,Resource version number,integer,,False,,confidential,True,False,core/resources/student_employment.json
off_campus_flag,StudentEmployment,Financial Aid,,boolean,,False,,confidential,True,False,core/resources/student_employment.json
position_end_date,StudentEmployment,Financial Aid,,string,date,False,,confidential,True,False,core/resources/student_employment.json
position_start_date,StudentEmployment,Financial Aid,,string,date,False,,confidential,True,False,core/resources/student_employment.json
student_ref,StudentEmployment,Financial Aid,HELIX ID of the Student,string,,True,,confidential,True,False,core/resources/student_employment.json
supervisor_ref,StudentEmployment,Financial Aid,HELIX ID of the supervising Employee,string,,False,,confidential,True,False,core/resources/student_employment.json
end_date,StudentGroup,Enrollment & Registration,Null if active membership.,string,date,False,,confidential,True,False,core/resources/student_group.json
group_category,StudentGroup,Enrollment & Registration,Classification of the group type.,string,,False,,confidential,True,False,core/resources/student_group.json
group_code,StudentGroup,Enrollment & Registration,"Institutional group identifier (e.g., 'ATHL', 'HONORS', 'FIRSTGEN', 'VET', 'TRIO').",string,,True,,confidential,True,False,core/resources/student_group.json
group_name,StudentGroup,Enrollment & Registration,"Human-readable group name (e.g., 'Student Athletes').",string,,False,,confidential,True,False,core/resources/student_group.json
helix_id,StudentGroup,Enrollment & Registration,HELIX-assigned unique identifier.,string,,True,,confidential,True,False,core/resources/student_group.json
ipeds_cohort_id,StudentGroup,Enrollment & Registration,"For IPEDS entry cohorts: the cohort identifier (e.g., 'FA2026-FTFT' = Fall 2026 First-Time Full-Time).",string,,False,,confidential,True,False,core/resources/student_group.json
is_active,StudentGroup,Enrollment & Registration,Whether the membership is current.,boolean,,False,,confidential,True,False,core/resources/student_group.json
meta,StudentGroup,Enrollment & Registration,,object,,False,,confidential,True,False,core/resources/student_group.json
meta.classification,StudentGroup,Enrollment & Registration,,string,,False,,confidential,True,False,core/resources/student_group.json
meta.ferpa_flags,StudentGroup,Enrollment & Registration,"FERPA enforcement flags, applied at Bronze->Silver identity resolution and checked by every consumer before disclosure. See govern/ferpa-disclosure-framework.json.",object,,False,,confidential,True,False,core/resources/student_group.json
meta.ferpa_flags.directory_restricted,StudentGroup,Enrollment & Registration,"True when the student has an active directory-information opt-out (from FERPARestriction.restrict_directory). When true, NO directory information may be disclosed under the 99.31(a)(11) directory exception.",boolean,,False,,confidential,True,False,core/resources/student_group.json
meta.ferpa_flags.disclosure_basis_required,StudentGroup,Enrollment & Registration,"If true, a consumer must assert a valid 34 CFR 99.31 disclosure basis (or hold 99.30 consent) before data is returned.",boolean,,False,,confidential,True,False,core/resources/student_group.json
meta.ferpa_flags.is_education_record,StudentGroup,Enrollment & Registration,True if this record is a FERPA education record (34 CFR 99.3).,boolean,,False,,confidential,True,False,core/resources/student_group.json
meta.ferpa_flags.legitimate_interest_scope,StudentGroup,Enrollment & Registration,Roles/purposes pre-authorized as school officials with legitimate educational interest for this record (drives the 99.31(a)(1) check).,array,,False,,confidential,True,False,core/resources/student_group.json
meta.ferpa_flags.restricted_categories,StudentGroup,Enrollment & Registration,Specific directory-information categories the student restricted (99.37). A field in this list must be withheld even if directory_restricted is false.,array,,False,,confidential,True,False,core/resources/student_group.json
meta.ferpa_flags.study_disclosure_allowed,StudentGroup,Enrollment & Registration,Whether this record may be released under a 99.31(a)(6) studies agreement (typically de-identified or under a written agreement).,boolean,,False,,confidential,True,False,core/resources/student_group.json
meta.source_id,StudentGroup,Enrollment & Registration,,string,,False,,confidential,True,False,core/resources/student_group.json
meta.source_system,StudentGroup,Enrollment & Registration,,string,,False,,confidential,True,False,core/resources/student_group.json
meta.version,StudentGroup,Enrollment & Registration,,string,,False,,confidential,True,False,core/resources/student_group.json
scholarship_ref,StudentGroup,Enrollment & Registration,For scholarship cohorts: reference to the associated award/fund.,string,,False,,confidential,True,False,core/resources/student_group.json
sport_code,StudentGroup,Enrollment & Registration,For athletics groups: NCAA/NAIA sport code.,string,,False,,confidential,True,False,core/resources/student_group.json
start_date,StudentGroup,Enrollment & Registration,Date the student joined this group.,string,date,False,,confidential,True,False,core/resources/student_group.json
student_ref,StudentGroup,Enrollment & Registration,Reference to the HELIX Student resource.,string,,True,,confidential,True,False,core/resources/student_group.json
academic_level,StudentProgram,Enrollment & Registration,Academic career/level for this program enrollment,string,,False,,confidential,True,False,core/resources/student_program.json
actual_completion_date,StudentProgram,Enrollment & Registration,,string,date,False,,confidential,True,False,core/resources/student_program.json
advisor_name,StudentProgram,Enrollment & Registration,,string,,False,,confidential,True,False,core/resources/student_program.json
advisor_ref,StudentProgram,Enrollment & Registration,HELIX ID or identifier for the assigned advisor,string,,False,,confidential,True,False,core/resources/student_program.json
catalog_year,StudentProgram,Enrollment & Registration,"Catalog year governing degree requirements (e.g., '2024-2025')",string,,False,,confidential,True,False,core/resources/student_program.json
class_standing,StudentProgram,Enrollment & Registration,Current class standing based on credit hours earned,string,,False,,confidential,True,False,core/resources/student_program.json
cumulative_gpa,StudentProgram,Enrollment & Registration,Cumulative GPA within this program/career,number,,False,,confidential,True,False,core/resources/student_program.json
expected_completion_period_ref,StudentProgram,Enrollment & Registration,HELIX ID of the expected graduation/completion period,string,,False,,confidential,True,False,core/resources/student_program.json
helix_id,StudentProgram,Enrollment & Registration,,string,uuid,True,,confidential,True,False,core/resources/student_program.json
is_primary,StudentProgram,Enrollment & Registration,Whether this is the student's primary program (for students with multiple programs),boolean,,False,,confidential,True,False,core/resources/student_program.json
meta,StudentProgram,Enrollment & Registration,HELIX metadata block — present on every resource,object,,False,,confidential,True,False,core/resources/student_program.json
meta.classification,StudentProgram,Enrollment & Registration,,string,,False,,confidential,True,False,core/resources/student_program.json
meta.created_at,StudentProgram,Enrollment & Registration,,string,date-time,False,,confidential,True,False,core/resources/student_program.json
meta.data_owner,StudentProgram,Enrollment & Registration,,string,,False,,confidential,True,False,core/resources/student_program.json
meta.ferpa_flags,StudentProgram,Enrollment & Registration,"FERPA enforcement flags, applied at Bronze->Silver identity resolution and checked by every consumer before disclosure. See govern/ferpa-disclosure-framework.json.",object,,False,,confidential,True,False,core/resources/student_program.json
meta.ferpa_flags.directory_restricted,StudentProgram,Enrollment & Registration,"True when the student has an active directory-information opt-out (from FERPARestriction.restrict_directory). When true, NO directory information may be disclosed under the 99.31(a)(11) directory exception.",boolean,,False,,confidential,True,False,core/resources/student_program.json
meta.ferpa_flags.disclosure_basis_required,StudentProgram,Enrollment & Registration,"If true, a consumer must assert a valid 34 CFR 99.31 disclosure basis (or hold 99.30 consent) before data is returned.",boolean,,False,,confidential,True,False,core/resources/student_program.json
meta.ferpa_flags.is_education_record,StudentProgram,Enrollment & Registration,True if this record is a FERPA education record (34 CFR 99.3).,boolean,,False,,confidential,True,False,core/resources/student_program.json
meta.ferpa_flags.legitimate_interest_scope,StudentProgram,Enrollment & Registration,Roles/purposes pre-authorized as school officials with legitimate educational interest for this record (drives the 99.31(a)(1) check).,array,,False,,confidential,True,False,core/resources/student_program.json
meta.ferpa_flags.restricted_categories,StudentProgram,Enrollment & Registration,Specific directory-information categories the student restricted (99.37). A field in this list must be withheld even if directory_restricted is false.,array,,False,,confidential,True,False,core/resources/student_program.json
meta.ferpa_flags.study_disclosure_allowed,StudentProgram,Enrollment & Registration,Whether this record may be released under a 99.31(a)(6) studies agreement (typically de-identified or under a written agreement).,boolean,,False,,confidential,True,False,core/resources/student_program.json
meta.source_system,StudentProgram,Enrollment & Registration,,string,,False,,confidential,True,False,core/resources/student_program.json
meta.updated_at,StudentProgram,Enrollment & Registration,,string,date-time,False,,confidential,True,False,core/resources/student_program.json
meta.version,StudentProgram,Enrollment & Registration,Resource version number,integer,,False,,confidential,True,False,core/resources/student_program.json
program_ref,StudentProgram,Enrollment & Registration,HELIX ID of the Program,string,,True,,confidential,True,False,core/resources/student_program.json
program_status,StudentProgram,Enrollment & Registration,Current status within this program,string,,True,,confidential,True,False,core/resources/student_program.json
start_period_ref,StudentProgram,Enrollment & Registration,HELIX ID of the AcademicPeriod when the student entered this program,string,,True,,confidential,True,False,core/resources/student_program.json
student_ref,StudentProgram,Enrollment & Registration,HELIX ID of the Student,string,,True,,confidential,True,False,core/resources/student_program.json
total_credits_attempted,StudentProgram,Enrollment & Registration,,number,,False,,confidential,True,False,core/resources/student_program.json
total_credits_earned,StudentProgram,Enrollment & Registration,,number,,False,,confidential,True,False,core/resources/student_program.json
approval_status,TimeEntry,Human Resources,"Map: 'Draft' → 'draft', 'Submitted' → 'submitted', 'Approved' → 'approved', 'Denied' → 'denied'.",string,,False,,confidential,False,False,core/resources/time_entry.json
approver,TimeEntry,Human Resources,Resolve to name. Typically the supervisory org manager.,string,,False,,confidential,False,False,core/resources/time_entry.json
cost_center,TimeEntry,Human Resources,Map to HELIX org code. Where the labor cost is charged.,string,,False,,confidential,False,False,core/resources/time_entry.json
date,TimeEntry,Human Resources,Cast to ISO 8601.,string,date,False,,confidential,False,False,core/resources/time_entry.json
employee_ref,TimeEntry,Human Resources,Link to HELIX employee_id.,string,,True,,confidential,False,False,core/resources/time_entry.json
fund_code,TimeEntry,Human Resources,Map to HELIX fund code.,string,,False,,confidential,False,False,core/resources/time_entry.json
grant_ref,TimeEntry,Human Resources,If time is charged to a grant (common for student research assistants).,string,,False,,confidential,False,False,core/resources/time_entry.json
helix_id,TimeEntry,Human Resources,HELIX-assigned unique identifier for this TimeEntry record.,string,,True,,confidential,False,False,core/resources/time_entry.json
hours,TimeEntry,Human Resources,Direct map. Reported hours for this entry.,number,,False,,confidential,False,False,core/resources/time_entry.json
in_time,TimeEntry,Human Resources,Cast to ISO 8601 datetime. Null if no clock events.,string,date-time,False,,confidential,False,False,core/resources/time_entry.json
meta,TimeEntry,Human Resources,HELIX metadata block — present on every resource.,object,,False,,confidential,False,False,core/resources/time_entry.json
meta.classification,TimeEntry,Human Resources,,string,,False,,confidential,False,False,core/resources/time_entry.json
meta.created_at,TimeEntry,Human Resources,,string,date-time,False,,confidential,False,False,core/resources/time_entry.json
meta.data_owner,TimeEntry,Human Resources,,string,,False,,confidential,False,False,core/resources/time_entry.json
meta.source_system,TimeEntry,Human Resources,"Originating system (e.g., 'peoplesoft', 'workday', 'banner').",string,,False,,confidential,False,False,core/resources/time_entry.json
meta.updated_at,TimeEntry,Human Resources,,string,date-time,False,,confidential,False,False,core/resources/time_entry.json
meta.version,TimeEntry,Human Resources,,integer,,False,,confidential,False,False,core/resources/time_entry.json
out_time,TimeEntry,Human Resources,Cast to ISO 8601 datetime.,string,date-time,False,,confidential,False,False,core/resources/time_entry.json
time_type,TimeEntry,Human Resources,"Map: 'Regular' → 'regular', 'Overtime' → 'overtime', 'Double Time' → 'double_time', 'Holiday' → 'holiday', 'On Call' → 'on_call'.",string,,False,,confidential,False,False,core/resources/time_entry.json
applies_to,TransferCredit,Enrollment & Registration,How the transfer credit applies to the student's degree requirements,string,,False,,confidential,True,False,core/resources/transfer_credit.json
counts_toward_gpa,TransferCredit,Enrollment & Registration,Whether transfer credit is included in the institutional GPA calculation,boolean,,False,,confidential,True,False,core/resources/transfer_credit.json
credit_hours_accepted,TransferCredit,Enrollment & Registration,Credit hours accepted at the receiving institution (may differ from source),number,,False,,confidential,True,False,core/resources/transfer_credit.json
equivalent_course_number,TransferCredit,Enrollment & Registration,,string,,False,,confidential,True,False,core/resources/transfer_credit.json
equivalent_course_ref,TransferCredit,Enrollment & Registration,HELIX ID of the equivalent Course at the receiving institution. Null if accepted as elective.,string,,False,,confidential,True,False,core/resources/transfer_credit.json
equivalent_subject,TransferCredit,Enrollment & Registration,,string,,False,,confidential,True,False,core/resources/transfer_credit.json
evaluated_by,TransferCredit,Enrollment & Registration,,string,,False,,confidential,True,False,core/resources/transfer_credit.json
evaluation_date,TransferCredit,Enrollment & Registration,,string,date,False,,confidential,True,False,core/resources/transfer_credit.json
helix_id,TransferCredit,Enrollment & Registration,,string,uuid,True,,confidential,True,False,core/resources/transfer_credit.json
institution_id,TransferCredit,Enrollment & Registration,HELIX ID of the receiving (current) institution,string,,True,,confidential,True,False,core/resources/transfer_credit.json
meta,TransferCredit,Enrollment & Registration,HELIX metadata block — present on every resource,object,,False,,confidential,True,False,core/resources/transfer_credit.json
meta.classification,TransferCredit,Enrollment & Registration,,string,,False,,confidential,True,False,core/resources/transfer_credit.json
meta.created_at,TransferCredit,Enrollment & Registration,,string,date-time,False,,confidential,True,False,core/resources/transfer_credit.json
meta.data_owner,TransferCredit,Enrollment & Registration,,string,,False,,confidential,True,False,core/resources/transfer_credit.json
meta.ferpa_flags,TransferCredit,Enrollment & Registration,"FERPA enforcement flags, applied at Bronze->Silver identity resolution and checked by every consumer before disclosure. See govern/ferpa-disclosure-framework.json.",object,,False,,confidential,True,False,core/resources/transfer_credit.json
meta.ferpa_flags.directory_restricted,TransferCredit,Enrollment & Registration,"True when the student has an active directory-information opt-out (from FERPARestriction.restrict_directory). When true, NO directory information may be disclosed under the 99.31(a)(11) directory exception.",boolean,,False,,confidential,True,False,core/resources/transfer_credit.json
meta.ferpa_flags.disclosure_basis_required,TransferCredit,Enrollment & Registration,"If true, a consumer must assert a valid 34 CFR 99.31 disclosure basis (or hold 99.30 consent) before data is returned.",boolean,,False,,confidential,True,False,core/resources/transfer_credit.json
meta.ferpa_flags.is_education_record,TransferCredit,Enrollment & Registration,True if this record is a FERPA education record (34 CFR 99.3).,boolean,,False,,confidential,True,False,core/resources/transfer_credit.json
meta.ferpa_flags.legitimate_interest_scope,TransferCredit,Enrollment & Registration,Roles/purposes pre-authorized as school officials with legitimate educational interest for this record (drives the 99.31(a)(1) check).,array,,False,,confidential,True,False,core/resources/transfer_credit.json
meta.ferpa_flags.restricted_categories,TransferCredit,Enrollment & Registration,Specific directory-information categories the student restricted (99.37). A field in this list must be withheld even if directory_restricted is false.,array,,False,,confidential,True,False,core/resources/transfer_credit.json
meta.ferpa_flags.study_disclosure_allowed,TransferCredit,Enrollment & Registration,Whether this record may be released under a 99.31(a)(6) studies agreement (typically de-identified or under a written agreement).,boolean,,False,,confidential,True,False,core/resources/transfer_credit.json
meta.source_system,TransferCredit,Enrollment & Registration,,string,,False,,confidential,True,False,core/resources/transfer_credit.json
meta.updated_at,TransferCredit,Enrollment & Registration,,string,date-time,False,,confidential,True,False,core/resources/transfer_credit.json
meta.version,TransferCredit,Enrollment & Registration,Resource version number,integer,,False,,confidential,True,False,core/resources/transfer_credit.json
source_course_number,TransferCredit,Enrollment & Registration,,string,,False,,confidential,True,False,core/resources/transfer_credit.json
source_course_subject,TransferCredit,Enrollment & Registration,,string,,False,,confidential,True,False,core/resources/transfer_credit.json
source_course_title,TransferCredit,Enrollment & Registration,,string,,False,,confidential,True,False,core/resources/transfer_credit.json
source_credit_hours,TransferCredit,Enrollment & Registration,,number,,False,,confidential,True,False,core/resources/transfer_credit.json
source_grade,TransferCredit,Enrollment & Registration,,string,,False,,confidential,True,False,core/resources/transfer_credit.json
source_institution_id,TransferCredit,Enrollment & Registration,"HELIX ID of the source institution if registered, or external ID (FICE, OPEID, CEEB)",string,,False,,confidential,True,False,core/resources/transfer_credit.json
source_institution_name,TransferCredit,Enrollment & Registration,Name of the institution where credit was earned,string,,False,,confidential,True,False,core/resources/transfer_credit.json
source_term,TransferCredit,Enrollment & Registration,Term/period at the source institution when the course was taken,string,,False,,confidential,True,False,core/resources/transfer_credit.json
student_ref,TransferCredit,Enrollment & Registration,,string,,True,,confidential,True,False,core/resources/transfer_credit.json
transfer_status,TransferCredit,Enrollment & Registration,,string,,True,,confidential,True,False,core/resources/transfer_credit.json
academic_year,Verification,Financial Aid,Aid year in YYYY-YYYY format,string,,True,,restricted,True,True,core/resources/verification.json
aid_application_ref,Verification,Financial Aid,HELIX ID of the AidApplication,string,,False,,restricted,True,True,core/resources/verification.json
completion_date,Verification,Financial Aid,,string,date,False,,restricted,True,True,core/resources/verification.json
conflicting_info_resolution,Verification,Financial Aid,,string,,False,,restricted,True,True,core/resources/verification.json
conflicting_information_flag,Verification,Financial Aid,,boolean,,False,,restricted,True,True,core/resources/verification.json
correction_transaction_number,Verification,Financial Aid,,string,,False,,restricted,True,True,core/resources/verification.json
documents_outstanding,Verification,Financial Aid,,array,,False,,restricted,True,True,core/resources/verification.json
documents_received,Verification,Financial Aid,,array,,False,,restricted,True,True,core/resources/verification.json
documents_required,Verification,Financial Aid,,array,,False,,restricted,True,True,core/resources/verification.json
helix_id,Verification,Financial Aid,HELIX unique identifier,string,uuid,True,,restricted,True,True,core/resources/verification.json
isir_correction_required_flag,Verification,Financial Aid,,boolean,,False,,restricted,True,True,core/resources/verification.json
meta,Verification,Financial Aid,HELIX metadata block — present on every resource,object,,False,,restricted,True,True,core/resources/verification.json
meta.classification,Verification,Financial Aid,Data classification tier per HELIX Govern,string,,False,,restricted,True,True,core/resources/verification.json
meta.created_at,Verification,Financial Aid,,string,date-time,False,,restricted,True,True,core/resources/verification.json
meta.data_owner,Verification,Financial Aid,Role or person responsible for data quality,string,,False,,restricted,True,True,core/resources/verification.json
meta.ferpa_flags,Verification,Financial Aid,"FERPA enforcement flags, applied at Bronze->Silver identity resolution and checked by every consumer before disclosure. See govern/ferpa-disclosure-framework.json.",object,,False,,restricted,True,True,core/resources/verification.json
meta.ferpa_flags.directory_restricted,Verification,Financial Aid,"True when the student has an active directory-information opt-out (from FERPARestriction.restrict_directory). When true, NO directory information may be disclosed under the 99.31(a)(11) directory exception.",boolean,,False,,restricted,True,True,core/resources/verification.json
meta.ferpa_flags.disclosure_basis_required,Verification,Financial Aid,"If true, a consumer must assert a valid 34 CFR 99.31 disclosure basis (or hold 99.30 consent) before data is returned.",boolean,,False,,restricted,True,True,core/resources/verification.json
meta.ferpa_flags.is_education_record,Verification,Financial Aid,True if this record is a FERPA education record (34 CFR 99.3).,boolean,,False,,restricted,True,True,core/resources/verification.json
meta.ferpa_flags.legitimate_interest_scope,Verification,Financial Aid,Roles/purposes pre-authorized as school officials with legitimate educational interest for this record (drives the 99.31(a)(1) check).,array,,False,,restricted,True,True,core/resources/verification.json
meta.ferpa_flags.restricted_categories,Verification,Financial Aid,Specific directory-information categories the student restricted (99.37). A field in this list must be withheld even if directory_restricted is false.,array,,False,,restricted,True,True,core/resources/verification.json
meta.ferpa_flags.study_disclosure_allowed,Verification,Financial Aid,Whether this record may be released under a 99.31(a)(6) studies agreement (typically de-identified or under a written agreement).,boolean,,False,,restricted,True,True,core/resources/verification.json
meta.source_system,Verification,Financial Aid,"Originating system (e.g., 'banner', 'peoplesoft', 'workday')",string,,False,,restricted,True,True,core/resources/verification.json
meta.updated_at,Verification,Financial Aid,,string,date-time,False,,restricted,True,True,core/resources/verification.json
meta.version,Verification,Financial Aid,Resource version number,integer,,False,,restricted,True,True,core/resources/verification.json
sai_after_verification,Verification,Financial Aid,,integer,,False,,restricted,True,True,core/resources/verification.json
sai_before_verification,Verification,Financial Aid,,integer,,False,,restricted,True,True,core/resources/verification.json
sai_change_amount,Verification,Financial Aid,,integer,,False,,restricted,True,True,core/resources/verification.json
selected_date,Verification,Financial Aid,,string,date,False,,restricted,True,True,core/resources/verification.json
student_ref,Verification,Financial Aid,HELIX ID of the Student,string,,True,,restricted,True,True,core/resources/verification.json
verification_outcome,Verification,Financial Aid,"Outcome of verification (no_change, corrected, referred_oig, incomplete).",string,,False,,restricted,True,True,core/resources/verification.json
verification_status,Verification,Financial Aid,Bound to helix/verification-status.,string,,True,helix/verification-status,restricted,True,True,core/resources/verification.json
verification_tracking_group,Verification,Financial Aid,ED verification tracking group,string,,False,,restricted,True,True,core/resources/verification.json
